연도,"	시도","	시군구","	해수욕장명","	개장일","	폐장일	"
2015,'강원도','강릉시','송 정', 2015-07-10 , 2015-08-23 
2015,'강원도','강릉시','옥 계', 2015-07-10 , 2015-08-23 
2015,'강원도','강릉시','금 진', 2015-07-10 , 2015-08-23 
2015,'강원도','강릉시','정동진', 2015-07-10 , 2015-08-23 
2015,'강원도','강릉시','등 명', 2015-07-10 , 2015-08-23 
2015,'강원도','강릉시','안 인', 2015-07-10 , 2015-08-23 
2015,'강원도','강릉시','염 전', 2015-07-10 , 2015-08-23 
2015,'강원도','강릉시','남항진', 2015-07-10 , 2015-08-23 
2015,'강원도','강릉시','안 목', 2015-07-10 , 2015-08-23 
2015,'강원도','강릉시','강 문', 2015-07-10 , 2015-08-23 
2015,'강원도','강릉시','사근진', 2015-07-10 , 2015-08-23 
2015,'강원도','강릉시','순 긋', 2015-07-10 , 2015-08-23 
2015,'강원도','강릉시','사 천', 2015-07-10 , 2015-08-23 
2015,'강원도','강릉시','사천진', 2015-07-10 , 2015-08-23 
2015,'강원도','강릉시','하 평', 2015-07-10 , 2015-08-23 
2015,'강원도','강릉시','연 곡', 2015-07-10 , 2015-08-23 
2015,'강원도','강릉시','영 진', 2015-07-10 , 2015-08-23 
2015,'강원도','강릉시','주문진', 2015-07-10 , 2015-08-23 
2015,'강원도','강릉시','경 포', 2015-07-10 , 2015-08-23 
2015,'강원도','강릉시','도 직', 2015-07-10 , 2015-08-23 
2015,'강원도','동해시','망 상', 2015-07-10 , 2015-08-23 
2015,'강원도','삼척시','원 평', 2015-07-10 , 2015-08-16 
2015,'강원도','삼척시','궁 촌', 2015-07-10 , 2015-08-16 
2015,'강원도','삼척시','덕 산', 2015-07-10 , 2015-08-16 
2015,'강원도','삼척시','하 맹 방', 2015-07-10 , 2015-08-16 
2015,'강원도','삼척시','상 맹 방', 2015-07-10 , 2015-08-16 
2015,'강원도','삼척시','한 재 밑', 2015-07-10 , 2015-08-16 
2015,'강원도','삼척시','작은후진', 2015-07-10 , 2015-08-16 
2015,'강원도','삼척시','증 산', 2015-07-10 , 2015-08-16 
2015,'강원도','삼척시','맹 방', 2015-07-10 , 2015-08-16 
2015,'강원도','삼척시','삼 척', 2015-07-10 , 2015-08-16 
2015,'강원도','속초시','등 대', 2015-07-10 , 2015-08-23 
2015,'강원도','속초시','외옹치', 2015-07-10 , 2015-08-23 
2015,'강원도','속초시','속 초', 2015-07-10 , 2015-08-23 
2015,'강원도','동해시','어 달', 2015-07-10 , 2015-08-23 
2015,'강원도','동해시','대 진', 2015-07-10 , 2015-08-23 
2015,'강원도','동해시','노 봉', 2015-07-10 , 2015-08-23 
2015,'강원도','동해시','추 암', 2015-07-10 , 2015-08-23 
2015,'강원도','동해시','리조트해수욕장', 2015-07-10 , 2015-08-23 
2015,'강원도','삼척시','문 암', 2015-07-10 , 2015-08-16 
2015,'강원도','고성군','화 진 포', 2015-07-10 , 2015-08-16 
2015,'강원도','삼척시','용 화', 2015-07-10 , 2015-08-16 
2015,'강원도','삼척시','장 호', 2015-07-10 , 2015-08-16 
2015,'강원도','삼척시','임 원', 2015-07-10 , 2015-08-16 
2015,'강원도','고성군','백 도', 2015-07-10 , 2015-08-16 
2015,'강원도','삼척시','오 분', 2015-07-10 , 2015-08-16 
2015,'강원도','삼척시','부 남', 2015-07-10 , 2015-08-16 
2015,'강원도','고성군','송 지 호', 2015-07-10 , 2015-08-16 
2015,'강원도','고성군','봉 수 대', 2015-07-10 , 2015-08-16 
2015,'강원도','고성군','삼 포', 2015-07-10 , 2015-08-16 
2015,'강원도','고성군','송지호오토캠핑장', 2015-07-10 , 2015-08-16 
2015,'강원도','양양군','원 포', 2015-07-11 , 2015-08-23 
2015,'강원도','고성군','공현 2리', 2015-07-10 , 2015-08-16 
2015,'강원도','고성군','삼포 2리', 2015-07-10 , 2015-08-16 
2015,'강원도','고성군','자 작 도', 2015-07-10 , 2015-08-16 
2015,'강원도','고성군','문암 2리', 2015-07-10 , 2015-08-16 
2015,'강원도','고성군','교 암 리', 2015-07-10 , 2015-08-16 
2015,'강원도','고성군','아야진리', 2015-07-10 , 2015-08-16 
2015,'강원도','고성군','청 간', 2015-07-10 , 2015-08-16 
2015,'강원도','고성군','천 진', 2015-07-10 , 2015-08-16 
2015,'강원도','고성군','봉 포', 2015-07-10 , 2015-08-16 
2015,'강원도','고성군','캥싱턴리조트', 2015-07-10 , 2015-08-16 
2015,'강원도','양양군','물 치', 2015-07-10 , 2015-08-23 
2015,'강원도','양양군','정 암', 2015-07-17 , 2015-08-20 
2015,'강원도','양양군','설 악', 2015-07-17 , 2015-08-23 
2015,'강원도','양양군','낙 산', 2015-07-10 , 2015-08-23 
2015,'강원도','양양군','오 산', 2015-07-10 , 2015-08-23 
2015,'강원도','양양군','동 호', 2015-07-10 , 2015-08-23 
2015,'강원도','양양군','하조대', 2015-07-10 , 2015-08-23 
2015,'강원도','양양군','38(기사문)', 2015-07-11 , 2015-08-23 
2015,'강원도','양양군','잔 교', 2015-07-10 , 2015-08-23 
2015,'강원도','양양군','중광정', 2015-07-11 , 2015-08-23 
2015,'강원도','양양군','동 산', 2015-07-10 , 2015-08-23 
2015,'강원도','양양군','동산포', 2015-07-12 , 2015-08-23 
2015,'강원도','양양군','죽 도', 2015-07-17 , 2015-08-23 
2015,'강원도','양양군','인 구', 2015-07-10 , 2015-08-23 
2015,'강원도','양양군','광 진', 2015-07-11 , 2015-08-23 
2015,'강원도','양양군','갯마을', 2015-07-10 , 2015-08-23 
2015,'강원도','양양군','남애 3', 2015-07-10 , 2015-08-23 
2015,'강원도','양양군','남애 1', 2015-07-17 , 2015-08-20 
2015,'강원도','양양군','지 경', 2015-07-11 , 2015-08-23 
2015,'강원도','양양군','북분리', 2015-07-21 , 2015-08-23 
2015,'강원도','고성군','거진 1리', 2015-07-10 , 2015-08-16 
2015,'강원도','고성군','마 차 진', 2015-07-10 , 2015-08-16 
2015,'강원도','고성군','대진 1리', 2015-07-10 , 2015-08-16 
2015,'강원도','고성군','대진 5리', 2015-07-10 , 2015-08-16 
2015,'강원도','고성군','초 도', 2015-07-10 , 2015-08-16 
2015,'강원도','고성군','거진11리', 2015-07-10 , 2015-08-16 
2015,'강원도','고성군','반 암 리', 2015-07-10 , 2015-08-16 
2015,'강원도','고성군','가 진 리', 2015-07-10 , 2015-08-16 
2015,'강원도','고성군','공현 1리', 2015-07-10 , 2015-08-16 
2015,'강원도','고성군','명 파', 2015-07-10 , 2015-08-16 
2015,'경상남도','거제시','함 목', 2015-07-01 , 2015-08-23 
2015,'경상남도','거제시','와 현', 2015-07-01 , 2015-08-23 
2015,'경상남도','거제시','명 사', 2015-07-01 , 2015-08-23 
2015,'경상남도','거제시','덕 포', 2015-07-01 , 2015-08-23 
2015,'경상남도','거제시','흥 남', 2015-07-01 , 2015-08-23 
2015,'경상남도','거제시','학 동', 2015-07-01 , 2015-08-23 
2015,'경상남도','거제시','농 소', 2015-07-01 , 2015-08-23 
2015,'경상남도','거제시','황 포', 2015-07-01 , 2015-08-23 
2015,'경상남도','거제시','물 안', 2015-07-01 , 2015-08-23 
2015,'경상남도','거제시','덕 원', 2015-07-01 , 2015-08-23 
2015,'경상남도','남해군','두곡 월포', 2015-07-10 , 2015-08-19 
2015,'경상남도','남해군','사 촌', 2015-07-10 , 2015-08-19 
2015,'경상남도','남해군','송 정', 2015-07-10 , 2015-08-20 
2015,'경상남도','거제시','구조라', 2015-07-01 , 2015-08-23 
2015,'경상남도','남해군','상 주', 2015-07-01 , 2015-08-20 
2015,'경상남도','거제시','여 차', 2015-07-01 , 2015-08-23 
2015,'경상남도','거제시','구 영', 2015-07-01 , 2015-08-23 
2015,'경상남도','거제시','사 곡', 2015-07-01 , 2015-08-23 
2015,'경상남도','거제시','옥 계', 2015-07-01 , 2015-08-23 
2015,'경상남도','거제시','죽 림', 2015-07-01 , 2015-08-23 
2015,'경상남도','거제시','망 치', 2015-07-01 , 2015-08-23 
2015,'경상남도','사천시','남일대', 2015-07-03 , 2015-08-20 
2015,'경상남도','통영시','사량 대항', 2015-07-10 , 2015-08-22 
2015,'경상남도','통영시','비진도', 2015-07-10 , 2015-08-20 
2015,'경상남도','통영시','통영공설', 2015-07-10 , 2015-08-20 
2015,'경상북도','포항시','영일대', 2015-06-08 , 2015-08-23 
2015,'경상북도','울진군','후포', 2015-07-17 , 2015-08-16 
2015,'경상북도','울진군','구산', 2015-07-17 , 2015-08-16 
2015,'경상북도','울진군','기성망양', 2015-07-17 , 2015-08-16 
2015,'경상북도','울진군','망양정', 2015-07-17 , 2015-08-16 
2015,'경상북도','울진군','봉평', 2015-07-17 , 2015-08-16 
2015,'경상북도','울진군','후정', 2015-07-17 , 2015-08-16 
2015,'경상북도','울진군','나곡', 2015-07-17 , 2015-08-16 
2015,'경상북도','영덕군','경정', 2015-07-17 , 2015-08-17 
2015,'경상북도','영덕군','오보', 2015-07-17 , 2015-08-17 
2015,'경상북도','영덕군','하저', 2015-07-17 , 2015-08-17 
2015,'경상북도','영덕군','남호', 2015-07-17 , 2015-08-17 
2015,'경상북도','포항시','칠포', 2015-06-27 , 2015-08-23 
2015,'경상북도','포항시','월포', 2015-06-27 , 2015-08-23 
2015,'경상북도','포항시','화진', 2015-06-27 , 2015-08-23 
2015,'경상북도','포항시','구룡포', 2015-06-27 , 2015-08-23 
2015,'경상북도','포항시','도구', 2015-06-27 , 2015-08-23 
2015,'경상북도','경주시','오류', 2015-07-10 , 2015-08-23 
2015,'경상북도','경주시','전촌', 2015-07-10 , 2015-08-23 
2015,'경상북도','경주시','나정', 2015-07-10 , 2015-08-23 
2015,'경상북도','경주시','봉길', 2015-07-10 , 2015-08-23 
2015,'경상북도','경주시','관성', 2015-07-10 , 2015-08-23 
2015,'경상북도','영덕군','장사', 2015-07-17 , 2015-08-17 
2015,'경상북도','영덕군','대진', 2015-07-17 , 2015-08-17 
2015,'경상북도','영덕군','고래불', 2015-07-17 , 2015-08-17 
2015,'부산','서구','송도해수욕장', 2015-06-01 , 2015-09-10 
2015,'부산','기장군','임랑해수욕장', 2015-07-01 , 2015-08-31 
2015,'부산','기장군','일광해수욕장', 2015-07-01 , 2015-08-31 
2015,'부산','사하구','다대포해수욕장', 2015-07-01 , 2015-08-31 
2015,'부산','수영구','광안리해수욕장', 2015-07-01 , 2015-09-10 
2015,'부산','해운대구','송정해수욕장', 2015-06-01 , 2015-09-10 
2015,'부산','해운대구','해운대해수욕장', 2015-06-01 , 2015-09-10 
2015,'울산','울주군','진하해수욕장', 2015-07-01 , 2015-08-31 
2015,'울산','동구','일산해수욕장', 2015-06-26 , 2015-08-25 
2015,'전라남도','고흥','익금', 2015-07-15 , 2015-08-30 
2015,'전라남도','고흥','용동', 2015-07-20 , 2015-08-20 
2015,'전라남도','여수','안도', 2015-07-11 , 2015-08-23 
2015,'전라남도','여수','거문도', 2015-07-11 , 2015-08-23 
2015,'전라남도','여수','장등', 2015-07-11 , 2015-08-23 
2015,'전라남도','여수','무술목', 2015-07-11 , 2015-08-23 
2015,'전라남도','여수','모사금', 2015-07-11 , 2015-08-23 
2015,'전라남도','여수','웅천', 2015-07-11 , 2015-08-23 
2015,'전라남도','여수','방죽포', 2015-07-11 , 2015-08-23 
2015,'전라남도','여수','만성리', 2015-07-11 , 2015-08-23 
2015,'전라남도','목포','외달도', 2015-07-11 , 2015-08-23 
2015,'전라남도','고흥','연소', 2015-07-18 , 2015-08-20 
2015,'전라남도','고흥','금장', 2015-07-20 , 2015-08-15 
2015,'전라남도','고흥','발포', 2015-07-20 , 2015-08-20 
2015,'전라남도','완도','신흥', 2015-07-11 , 2015-08-23 
2015,'전라남도','완도','예송', 2015-07-17 , 2015-08-17 
2015,'전라남도','완도','중리', 2015-07-17 , 2015-08-17 
2015,'전라남도','완도','통리', 2015-07-17 , 2015-08-17 
2015,'전라남도','완도','금곡', 2015-07-16 , 2015-08-17 
2015,'전라남도','진도','가계', 2015-07-10 , 2015-08-16 
2015,'전라남도','진도','금갑', 2015-07-10 , 2015-08-16 
2015,'전라남도','진도','관매도', 2015-07-15 , 2015-08-16 
2015,'전라남도','신안','대광', 2015-07-20 , 2015-08-16 
2015,'전라남도','신안','우전', 2015-07-20 , 2015-08-19 
2015,'전라남도','신안','짱뚱어', 2015-07-20 , 2015-08-19 
2015,'전라남도','신안','백길', 2015-07-20 , 2015-08-21 
2015,'전라남도','신안','분계', 2015-07-20 , 2015-08-21 
2015,'전라남도','신안','원평', 2015-07-20 , 2015-08-16 
2015,'전라남도','신안','하트', 2015-07-20 , 2015-08-16 
2015,'전라남도','신안','시목', 2015-07-20 , 2015-08-19 
2015,'전라남도','신안','돈목', 2015-07-20 , 2015-08-19 
2015,'전라남도','신안','배낭기미', 2015-07-20 , 2015-08-10 
2015,'전라남도','신안','홍도', 2015-07-20 , 2015-08-21 
2015,'전라남도','신안','추포', 2015-07-20 , 2015-08-21 
2015,'전라남도','완도','지리', 2015-07-11 , 2015-08-23 
2015,'전라남도','완도','가사', 2015-07-22 , 2015-08-23 
2015,'전라남도','완도','동고', 2015-07-23 , 2015-08-16 
2015,'전라남도','고흥','나로우주', 2015-07-20 , 2015-08-15 
2015,'전라남도','고흥','염포', 2015-07-20 , 2015-08-15 
2015,'전라남도','고흥','남열해돋이', 2015-07-20 , 2015-08-30 
2015,'전라남도','고흥','대전', 2015-07-20 , 2015-08-30 
2015,'전라남도','고흥','풍류', 2015-07-20 , 2015-08-30 
2015,'전라남도','보성','율포', 2015-07-03 , 2015-08-16 
2015,'전라남도','장흥','수문', 2015-07-03 , 2015-08-16 
2015,'전라남도','해남','송호', 2015-07-15 , 2015-08-16 
2015,'전라남도','해남','사구미', 2015-07-17 , 2015-08-16 
2015,'전라남도','해남','송평', 2015-07-17 , 2015-08-16 
2015,'전라남도','무안','홀통', 2015-07-11 , 2015-08-16 
2015,'전라남도','무안','톱머리', 2015-07-11 , 2015-08-16 
2015,'전라남도','함평','돌머리', 2015-07-17 , 2015-08-16 
2015,'전라남도','영광','가마미', 2015-07-03 , 2015-08-23 
2015,'전라남도','영광','송이도', 2015-07-20 , 2015-08-16 
2015,'전라남도','완도','명사십리', 2015-07-03 , 2015-09-06 
2015,'전라남도','완도','금일', 2015-07-17 , 2015-08-23 
2015,'전라남도','진도','신전', 2015-07-15 , 2015-08-16 
2015,'전라북도','고창군','동 호', 2015-07-02 , 2015-08-23 
2015,'전라북도','고창군','구시포', 2015-07-02 , 2015-08-23 
2015,'전라북도','군산시','선유도', 2015-07-03 , 2015-08-16 
2015,'제주도','서귀포시','중문색달', 2015-07-01 , 2015-08-31 
2015,'제주도','제주시','협재', 2015-07-01 , 2015-08-31 
2015,'제주도','서귀포시','표선해비치', 2015-07-01 , 2015-08-31 
2015,'제주도','서귀포시','화순금모래', 2015-07-01 , 2015-08-31 
2015,'제주도','서귀포시','신양섭지코지', 2015-07-01 , 2015-08-31 
2015,'제주도','제주시','김녕', 2015-07-01 , 2015-08-31 
2015,'제주도','제주시','함덕', 2015-07-01 , 2015-08-31 
2015,'제주도','제주시','삼양', 2015-07-01 , 2015-08-31 
2015,'제주도','제주시','이호', 2015-07-01 , 2015-08-31 
2015,'제주도','제주시','곽지', 2015-07-01 , 2015-08-31 
2015,'제주도','제주시','금능', 2015-07-01 , 2015-08-31 
2015,'충청남도','태안군','만리포', 2015-07-01 , 2015-08-23 
2015,'충청남도','태안군','방주골', 2015-07-01 , 2015-08-23 
2015,'충청남도','태안군','어은돌', 2015-07-01 , 2015-08-23 
2015,'충청남도','태안군','의항', 2015-07-01 , 2015-08-23 
2015,'충청남도','태안군','천리포', 2015-07-01 , 2015-08-23 
2015,'충청남도','태안군','파도리', 2015-07-01 , 2015-08-23 
2015,'충청남도','태안군','구례포', 2015-07-01 , 2015-08-23 
2015,'충청남도','태안군','신두리', 2015-07-01 , 2015-08-23 
2015,'충청남도','태안군','학암포', 2015-07-01 , 2015-08-23 
2015,'충청남도','태안군','꾸지나무골', 2015-07-01 , 2015-08-23 
2015,'충청남도','당진시','왜목마을', 2015-07-11 , 2015-08-16 
2015,'충청남도','태안군','구름포', 2015-07-01 , 2015-08-23 
2015,'충청남도','태안군','연포', 2015-07-01 , 2015-08-23 
2015,'충청남도','태안군','갈음이', 2015-07-01 , 2015-08-23 
2015,'충청남도','보령시','무창포', 2015-06-27 , 2015-08-16 
2015,'충청남도','보령시','대천', 2015-06-20 , 2015-08-23 
2015,'충청남도','당진시','난지섬', 2015-07-11 , 2015-08-16 
2015,'충청남도','서천군','춘장대', 2015-06-27 , 2015-08-16 
2015,'충청남도','태안군','기지포', 2015-07-01 , 2015-08-23 
2015,'충청남도','태안군','꽃지', 2015-07-01 , 2015-08-23 
2015,'충청남도','태안군','밧개', 2015-07-01 , 2015-08-23 
2015,'충청남도','태안군','방포', 2015-07-01 , 2015-08-23 
2015,'충청남도','태안군','백사장', 2015-07-01 , 2015-08-23 
2015,'충청남도','태안군','삼봉', 2015-07-01 , 2015-08-23 
2015,'충청남도','태안군','샛별', 2015-07-01 , 2015-08-23 
2015,'충청남도','태안군','안면', 2015-07-01 , 2015-08-23 
2015,'충청남도','태안군','두여', 2015-07-01 , 2015-08-23 
2015,'충청남도','태안군','바람아래', 2015-07-01 , 2015-08-23 
2015,'충청남도','태안군','장삼포', 2015-07-01 , 2015-08-23 
2015,'충청남도','태안군','곰섬', 2015-07-01 , 2015-08-23 
2015,'충청남도','태안군','달산포', 2015-07-01 , 2015-08-23 
2015,'충청남도','태안군','마검포', 2015-07-01 , 2015-08-23 
2015,'충청남도','태안군','몽산포', 2015-07-01 , 2015-08-23 
2015,'충청남도','태안군','청포대', 2015-07-01 , 2015-08-23 
2016,'강원도','고성군','마 차 진', 2016-07-15 , 2016-08-21 
2016,'강원도','고성군','대진 1리', 2016-07-15 , 2016-08-21 
2016,'강원도','고성군','대진 5리', 2016-07-15 , 2016-08-21 
2016,'강원도','고성군','초 도', 2016-07-15 , 2016-08-21 
2016,'강원도','고성군','거진 1리', 2016-07-15 , 2016-08-21 
2016,'강원도','고성군','거진11리', 2016-07-15 , 2016-08-21 
2016,'강원도','고성군','반 암 리', 2016-07-15 , 2016-08-21 
2016,'강원도','고성군','가 진 리', 2016-07-15 , 2016-08-21 
2016,'강원도','고성군','명 파', 2016-07-15 , 2016-08-21 
2016,'강원도','고성군','백 도', 2016-07-15 , 2016-08-21 
2016,'강원도','삼척시','작은후진', 2016-07-10 , 2016-08-16 
2016,'강원도','삼척시','한 재 밑', 2016-07-10 , 2016-08-16 
2016,'강원도','삼척시','상 맹 방', 2016-07-10 , 2016-08-16 
2016,'강원도','삼척시','하 맹 방', 2016-07-10 , 2016-08-16 
2016,'강원도','삼척시','덕 산', 2016-07-10 , 2016-08-16 
2016,'강원도','삼척시','궁 촌', 2016-07-10 , 2016-08-16 
2016,'강원도','삼척시','원 평', 2016-07-10 , 2016-08-16 
2016,'강원도','삼척시','문 암', 2016-07-10 , 2016-08-16 
2016,'강원도','삼척시','용 화', 2016-07-10 , 2016-08-16 
2016,'강원도','삼척시','장 호', 2016-07-10 , 2016-08-16 
2016,'강원도','삼척시','임 원', 2016-07-10 , 2016-08-16 
2016,'강원도','삼척시','맹 방', 2016-07-10 , 2016-08-16 
2016,'강원도','삼척시','오 분', 2016-07-10 , 2016-08-16 
2016,'강원도','삼척시','부 남', 2016-07-10 , 2016-08-16 
2016,'강원도','고성군','화 진 포', 2016-07-15 , 2016-08-21 
2016,'강원도','삼척시','증 산', 2016-07-10 , 2016-08-16 
2016,'강원도','고성군','봉 수 대', 2016-07-15 , 2016-08-21 
2016,'강원도','고성군','송지호오토캠핑장', 2016-07-15 , 2016-08-21 
2016,'강원도','고성군','삼 포', 2016-07-15 , 2016-08-21 
2016,'강원도','고성군','송 지 호', 2016-07-15 , 2016-08-21 
2016,'강원도','강릉시','하 평', 2016-07-08 , 2016-08-21 
2016,'강원도','강릉시','경 포', 2016-07-08 , 2016-08-21 
2016,'강원도','강릉시','주문진', 2016-07-08 , 2016-08-21 
2016,'강원도','강릉시','영 진', 2016-07-08 , 2016-08-21 
2016,'강원도','강릉시','연 곡', 2016-07-08 , 2016-08-21 
2016,'강원도','강릉시','사천진', 2016-07-08 , 2016-08-21 
2016,'강원도','강릉시','사 천', 2016-07-08 , 2016-08-21 
2016,'강원도','강릉시','순 긋', 2016-07-08 , 2016-08-21 
2016,'강원도','강릉시','사근진', 2016-07-08 , 2016-08-21 
2016,'강원도','강릉시','강 문', 2016-07-08 , 2016-08-21 
2016,'강원도','강릉시','송 정', 2016-07-08 , 2016-08-21 
2016,'강원도','강릉시','안 목', 2016-07-08 , 2016-08-21 
2016,'강원도','강릉시','남항진', 2016-07-08 , 2016-08-21 
2016,'강원도','강릉시','염 전', 2016-07-08 , 2016-08-21 
2016,'강원도','강릉시','안 인', 2016-07-08 , 2016-08-21 
2016,'강원도','강릉시','등 명', 2016-07-08 , 2016-08-21 
2016,'강원도','강릉시','정동진', 2016-07-08 , 2016-08-21 
2016,'강원도','강릉시','금 진', 2016-07-08 , 2016-08-21 
2016,'강원도','강릉시','옥 계', 2016-07-08 , 2016-08-21 
2016,'강원도','강릉시','도 직', 2016-07-08 , 2016-08-21 
2016,'강원도','동해시','망 상', 2016-07-08 , 2016-08-21 
2016,'강원도','동해시','리조트해수욕장', 2016-07-08 , 2016-08-21 
2016,'강원도','동해시','추 암', 2016-07-08 , 2016-08-21 
2016,'강원도','동해시','노 봉', 2016-07-08 , 2016-08-21 
2016,'강원도','동해시','대 진', 2016-07-08 , 2016-08-21 
2016,'강원도','동해시','어 달', 2016-07-08 , 2016-08-21 
2016,'강원도','속초시','속 초', 2016-07-08 , 2016-08-21 
2016,'강원도','속초시','외옹치', 2016-07-08 , 2016-08-21 
2016,'강원도','속초시','등 대', 2016-07-08 , 2016-08-21 
2016,'강원도','삼척시','삼 척', 2016-07-10 , 2016-08-16 
2016,'강원도','고성군','공현 1리', 2016-07-15 , 2016-08-21 
2016,'강원도','고성군','공현 2리', 2016-07-15 , 2016-08-21 
2016,'강원도','양양군','북분리', 2016-07-08 , 2016-08-21 
2016,'강원도','양양군','지 경', 2016-07-08 , 2016-08-21 
2016,'강원도','양양군','원 포', 2016-07-08 , 2016-08-21 
2016,'강원도','양양군','남애 1', 2016-07-08 , 2016-08-21 
2016,'강원도','양양군','남애 3', 2016-07-08 , 2016-08-21 
2016,'강원도','양양군','갯마을', 2016-07-08 , 2016-08-21 
2016,'강원도','양양군','광 진', 2016-07-08 , 2016-08-21 
2016,'강원도','양양군','인 구', 2016-07-08 , 2016-08-21 
2016,'강원도','양양군','죽 도', 2016-07-08 , 2016-08-21 
2016,'강원도','양양군','동산포', 2016-07-08 , 2016-08-21 
2016,'강원도','양양군','동 산', 2016-07-08 , 2016-08-21 
2016,'강원도','양양군','중광정', 2016-07-08 , 2016-08-21 
2016,'강원도','양양군','잔 교', 2016-07-08 , 2016-08-21 
2016,'강원도','양양군','38(기사문)', 2016-07-08 , 2016-08-21 
2016,'강원도','양양군','하조대', 2016-07-08 , 2016-08-21 
2016,'강원도','양양군','동 호', 2016-07-08 , 2016-08-21 
2016,'강원도','고성군','삼포 2리', 2016-07-15 , 2016-08-21 
2016,'강원도','고성군','자 작 도', 2016-07-15 , 2016-08-21 
2016,'강원도','고성군','문암 2리', 2016-07-15 , 2016-08-21 
2016,'강원도','고성군','교 암 리', 2016-07-15 , 2016-08-21 
2016,'강원도','고성군','아야진리', 2016-07-15 , 2016-08-21 
2016,'강원도','고성군','청 간', 2016-07-15 , 2016-08-21 
2016,'강원도','고성군','천 진', 2016-07-15 , 2016-08-21 
2016,'강원도','고성군','봉 포', 2016-07-15 , 2016-08-21 
2016,'강원도','고성군','캥싱턴리조트', 2016-07-15 , 2016-08-21 
2016,'강원도','양양군','물 치', 2016-07-08 , 2016-08-21 
2016,'강원도','양양군','정 암', 2016-07-08 , 2016-08-21 
2016,'강원도','양양군','설 악', 2016-07-08 , 2016-08-21 
2016,'강원도','양양군','낙 산', 2016-07-08 , 2016-08-21 
2016,'강원도','양양군','오 산', 2016-07-08 , 2016-08-21 
2016,'경상남도','거제시','농 소', 2016-07-01 , 2016-08-21 
2016,'경상남도','거제시','흥 남', 2016-07-01 , 2016-08-21 
2016,'경상남도','거제시','덕 포', 2016-07-01 , 2016-08-21 
2016,'경상남도','거제시','명 사', 2016-07-01 , 2016-08-21 
2016,'경상남도','거제시','와 현', 2016-07-01 , 2016-08-21 
2016,'경상남도','거제시','구조라', 2016-07-01 , 2016-08-21 
2016,'경상남도','거제시','학 동', 2016-07-01 , 2016-08-21 
2016,'경상남도','사천시','남일대', 2016-07-01 , 2016-08-21 
2016,'경상남도','통영시','사량 대항', 2016-07-10 , 2016-08-20 
2016,'경상남도','통영시','비진도', 2016-07-10 , 2016-08-20 
2016,'경상남도','통영시','통영공설', 2016-07-10 , 2016-08-20 
2016,'경상남도','거제시','황 포', 2016-07-01 , 2016-08-21 
2016,'경상남도','거제시','물 안', 2016-07-01 , 2016-08-21 
2016,'경상남도','거제시','덕 원', 2016-07-01 , 2016-08-21 
2016,'경상남도','남해군','설 리', 2016-07-14 , 2016-08-22 
2016,'경상남도','남해군','두곡 월포', 2016-07-14 , 2016-08-22 
2016,'경상남도','남해군','사 촌', 2016-07-14 , 2016-08-22 
2016,'경상남도','남해군','송 정', 2016-07-08 , 2016-08-21 
2016,'경상남도','남해군','상 주', 2016-07-01 , 2016-08-21 
2016,'경상남도','거제시','망 치', 2016-07-01 , 2016-08-21 
2016,'경상남도','거제시','구 영', 2016-07-01 , 2016-08-21 
2016,'경상남도','거제시','사 곡', 2016-07-01 , 2016-08-21 
2016,'경상남도','거제시','옥 계', 2016-07-01 , 2016-08-21 
2016,'경상남도','거제시','함 목', 2016-07-01 , 2016-08-21 
2016,'경상남도','거제시','여 차', 2016-07-01 , 2016-08-21 
2016,'경상북도','포항시','칠포', 2016-06-25 , 2016-08-21 
2016,'경상북도','포항시','월포', 2016-06-25 , 2016-08-21 
2016,'경상북도','포항시','화진', 2016-06-25 , 2016-08-21 
2016,'경상북도','포항시','구룡포', 2016-06-25 , 2016-08-21 
2016,'경상북도','포항시','도구', 2016-06-25 , 2016-08-21 
2016,'경상북도','경주시','오류', 2016-07-15 , 2016-08-21 
2016,'경상북도','경주시','전촌', 2016-07-15 , 2016-08-21 
2016,'경상북도','경주시','나정', 2016-07-15 , 2016-08-21 
2016,'경상북도','경주시','관성', 2016-07-15 , 2016-08-21 
2016,'경상북도','영덕군','장사', 2016-07-15 , 2016-08-16 
2016,'경상북도','영덕군','대진', 2016-07-15 , 2016-08-16 
2016,'경상북도','영덕군','고래불', 2016-07-15 , 2016-08-16 
2016,'경상북도','영덕군','남호', 2016-07-15 , 2016-08-16 
2016,'경상북도','영덕군','하저', 2016-07-15 , 2016-08-16 
2016,'경상북도','영덕군','오보', 2016-07-15 , 2016-08-16 
2016,'경상북도','영덕군','경정', 2016-07-15 , 2016-08-16 
2016,'경상북도','울진군','나곡', 2016-07-15 , 2016-08-16 
2016,'경상북도','울진군','후정', 2016-07-15 , 2016-08-16 
2016,'경상북도','울진군','봉평', 2016-07-15 , 2016-08-16 
2016,'경상북도','울진군','망양정', 2016-07-15 , 2016-08-16 
2016,'경상북도','울진군','기성망양', 2016-07-15 , 2016-08-16 
2016,'경상북도','울진군','구산', 2016-07-15 , 2016-08-16 
2016,'경상북도','울진군','후포', 2016-07-15 , 2016-08-16 
2016,'경상북도','포항시','영일대', 2016-06-07 , 2016-08-21 
2016,'경상북도','경주시','봉길', 2016-07-15 , 2016-08-21 
2016,'부산','기장군','임랑해수욕장', 2016-07-01 , 2016-08-31 
2016,'부산','사하구','다대포해수욕장', 2016-07-01 , 2016-08-31 
2016,'부산','기장군','일광해수욕장', 2016-07-01 , 2016-08-31 
2016,'부산','수영구','광안리해수욕장', 2016-07-01 , 2016-09-10 
2016,'부산','해운대구','송정해수욕장', 2016-06-01 , 2016-08-31 
2016,'부산','해운대구','해운대해수욕장', 2016-06-01 , 2016-08-31 
2016,'부산','서구','송도해수욕장', 2016-06-01 , 2016-09-10 
2016,'울산','울주군','진하해수욕장', 2016-07-01 , 2016-08-31 
2016,'울산','동구','일산해수욕장', 2016-06-24 , 2016-08-23 
2016,'전라남도','여수','만성리', 2016-07-09 , 2016-08-21 
2016,'전라남도','여수','방죽포', 2016-07-09 , 2016-08-21 
2016,'전라남도','여수','웅천', 2016-07-09 , 2016-08-21 
2016,'전라남도','여수','모사금', 2016-07-09 , 2016-08-21 
2016,'전라남도','여수','무술목', 2016-07-09 , 2016-08-21 
2016,'전라남도','여수','장등', 2016-07-09 , 2016-08-21 
2016,'전라남도','여수','거문도', 2016-07-09 , 2016-08-21 
2016,'전라남도','여수','안도', 2016-07-09 , 2016-08-21 
2016,'전라남도','목포','외달도', 2016-07-09 , 2016-08-21 
2016,'전라남도','고흥','대전', 2016-07-16 , 2016-08-31 
2016,'전라남도','완도','금일', 2016-07-22 , 2016-08-15 
2016,'전라남도','완도','명사십리', 2016-07-01 , 2016-08-21 
2016,'전라남도','영광','가마미', 2016-07-11 , 2016-08-21 
2016,'전라남도','함평','돌머리', 2016-07-15 , 2016-08-15 
2016,'전라남도','무안','톱머리', 2016-07-09 , 2016-08-16 
2016,'전라남도','무안','홀통', 2016-07-09 , 2016-08-16 
2016,'전라남도','해남','송평', 2016-07-15 , 2016-08-15 
2016,'전라남도','해남','사구미', 2016-07-15 , 2016-08-15 
2016,'전라남도','해남','송호', 2016-07-08 , 2016-08-15 
2016,'전라남도','장흥','수문', 2016-07-15 , 2016-08-15 
2016,'전라남도','보성','율포', 2016-07-08 , 2016-08-21 
2016,'전라남도','신안','추포', 2016-07-15 , 2016-08-13 
2016,'전라남도','신안','배낭기미', 2016-07-15 , 2016-08-13 
2016,'전라남도','진도','금갑', 2016-07-15 , 2016-08-21 
2016,'전라남도','진도','신전', 2016-07-15 , 2016-08-21 
2016,'전라남도','진도','관매도', 2016-07-15 , 2016-08-21 
2016,'전라남도','신안','대광', 2016-07-15 , 2016-08-16 
2016,'전라남도','신안','우전', 2016-07-15 , 2016-08-16 
2016,'전라남도','신안','짱뚱어', 2016-07-15 , 2016-08-16 
2016,'전라남도','신안','백길', 2016-07-15 , 2016-08-16 
2016,'전라남도','신안','분계', 2016-07-15 , 2016-08-16 
2016,'전라남도','신안','원평', 2016-07-15 , 2016-08-13 
2016,'전라남도','신안','하트', 2016-07-15 , 2016-08-13 
2016,'전라남도','신안','시목', 2016-07-15 , 2016-08-16 
2016,'전라남도','진도','가계', 2016-07-15 , 2016-08-21 
2016,'전라남도','완도','금곡', 2016-07-22 , 2016-08-15 
2016,'전라남도','완도','통리', 2016-07-22 , 2016-08-15 
2016,'전라남도','완도','중리', 2016-07-22 , 2016-08-15 
2016,'전라남도','완도','예송', 2016-07-22 , 2016-08-15 
2016,'전라남도','완도','신흥', 2016-07-22 , 2016-08-15 
2016,'전라남도','신안','돈목', 2016-07-15 , 2016-08-16 
2016,'전라남도','고흥','용동', 2016-07-16 , 2016-08-15 
2016,'전라남도','고흥','익금', 2016-07-16 , 2016-08-31 
2016,'전라남도','고흥','연소', 2016-07-16 , 2016-08-21 
2016,'전라남도','고흥','금장', 2016-07-16 , 2016-08-21 
2016,'전라남도','고흥','발포', 2016-07-20 , 2016-08-30 
2016,'전라남도','고흥','나로우주', 2016-07-09 , 2016-08-31 
2016,'전라남도','고흥','염포', 2016-07-16 , 2016-08-21 
2016,'전라남도','고흥','풍류', 2016-07-16 , 2016-08-31 
2016,'전라남도','고흥','남열해돋이', 2016-07-01 , 2016-08-31 
2016,'전라남도','완도','동고', 2016-07-22 , 2016-08-15 
2016,'전라남도','완도','가사', 2016-07-22 , 2016-08-15 
2016,'전라남도','완도','지리', 2016-07-22 , 2016-08-15 
2016,'전라북도','부안군','위 도', 2016-07-01 , 2016-08-15 
2016,'전라북도','부안군','격 포', 2016-07-01 , 2016-08-15 
2016,'전라북도','부안군','모 항', 2016-07-01 , 2016-08-15 
2016,'전라북도','부안군','고사포', 2016-07-01 , 2016-08-15 
2016,'전라북도','부안군','변 산', 2016-07-01 , 2016-08-15 
2016,'전라북도','고창군','동 호', 2016-07-01 , 2016-08-21 
2016,'전라북도','고창군','구시포', 2016-07-01 , 2016-08-21 
2016,'전라북도','군산시','선유도', 2016-07-01 , 2016-08-16 
2016,'제주도','서귀포시','중문색달', 2016-07-01 , 2016-08-31 
2016,'제주도','서귀포시','표선해비치', 2016-07-01 , 2016-08-31 
2016,'제주도','서귀포시','화순금모래', 2016-07-01 , 2016-08-31 
2016,'제주도','서귀포시','신양섭지코지', 2016-07-01 , 2016-08-31 
2016,'제주도','제주시','김녕', 2016-07-01 , 2016-08-31 
2016,'제주도','제주시','함덕', 2016-07-01 , 2016-08-31 
2016,'제주도','제주시','삼양', 2016-07-01 , 2016-08-31 
2016,'제주도','제주시','이호', 2016-07-01 , 2016-08-31 
2016,'제주도','제주시','곽지', 2016-07-01 , 2016-08-31 
2016,'제주도','제주시','금능', 2016-06-27 , 2016-08-31 
2016,'제주도','제주시','협재', 2016-06-20 , 2016-08-31 
2016,'충청남도','태안군','꾸지나무골', 2016-07-09 , 2016-08-21 
2016,'충청남도','태안군','학암포', 2016-07-09 , 2016-08-21 
2016,'충청남도','태안군','신두리', 2016-07-09 , 2016-08-21 
2016,'충청남도','보령시','대천', 2016-06-18 , 2016-08-21 
2016,'충청남도','보령시','무창포', 2016-06-25 , 2016-08-15 
2016,'충청남도','당진시','왜목마을', 2016-07-16 , 2016-08-21 
2016,'충청남도','당진시','난지섬', 2016-07-16 , 2016-08-21 
2016,'충청남도','서천군','춘장대', 2016-07-02 , 2016-08-15 
2016,'충청남도','태안군','기지포', 2016-07-09 , 2016-08-21 
2016,'충청남도','태안군','꽃지', 2016-07-09 , 2016-08-21 
2016,'충청남도','태안군','밧개', 2016-07-09 , 2016-08-21 
2016,'충청남도','태안군','방포', 2016-07-09 , 2016-08-21 
2016,'충청남도','태안군','백사장', 2016-07-09 , 2016-08-21 
2016,'충청남도','태안군','삼봉', 2016-07-09 , 2016-08-21 
2016,'충청남도','태안군','샛별', 2016-07-09 , 2016-08-21 
2016,'충청남도','태안군','안면', 2016-07-09 , 2016-08-21 
2016,'충청남도','태안군','바람아래', 2016-07-09 , 2016-08-21 
2016,'충청남도','태안군','장삼포', 2016-07-09 , 2016-08-21 
2016,'충청남도','태안군','곰섬', 2016-07-09 , 2016-08-21 
2016,'충청남도','태안군','구례포', 2016-07-09 , 2016-08-21 
2016,'충청남도','태안군','파도리', 2016-07-09 , 2016-08-21 
2016,'충청남도','태안군','천리포', 2016-07-09 , 2016-08-21 
2016,'충청남도','태안군','의항', 2016-07-09 , 2016-08-21 
2016,'충청남도','태안군','어은돌', 2016-07-09 , 2016-08-21 
2016,'충청남도','태안군','방주골', 2016-07-09 , 2016-08-21 
2016,'충청남도','태안군','만리포', 2016-07-09 , 2016-08-21 
2016,'충청남도','태안군','구름포', 2016-07-09 , 2016-08-21 
2016,'충청남도','태안군','연포', 2016-07-09 , 2016-08-21 
2016,'충청남도','태안군','갈음이', 2016-07-09 , 2016-08-21 
2016,'충청남도','태안군','청포대', 2016-07-09 , 2016-08-21 
2016,'충청남도','태안군','몽산포', 2016-07-09 , 2016-08-21 
2016,'충청남도','태안군','마검포', 2016-07-09 , 2016-08-21 
2016,'충청남도','태안군','달산포', 2016-07-09 , 2016-08-21 
2017,'강원','삼척시','삼척', 2017-07-14 , 2017-08-20 
2017,'강원','속초시','등대', 2017-07-07 , 2017-08-20 
2017,'강원','속초시','속초', 2017-07-07 , 2017-08-20 
2017,'강원','동해시','어달해수욕장', 2017-07-05 , 2017-08-20 
2017,'강원','동해시','대진해수욕장', 2017-07-05 , 2017-08-20 
2017,'강원','동해시','노봉해수욕장', 2017-07-05 , 2017-08-20 
2017,'강원','동해시','추암해수욕장', 2017-07-05 , 2017-08-20 
2017,'강원','동해시','리조트해수욕장', 2017-07-05 , 2017-08-20 
2017,'강원','동해시','망상해수욕장', 2017-07-05 , 2017-08-20 
2017,'강원','강릉시','도직', 2017-07-07 , 2017-08-20 
2017,'강원','강릉시','금진', 2017-07-07 , 2017-08-20 
2017,'강원','강릉시','등명', 2017-07-07 , 2017-08-20 
2017,'강원','강릉시','안인', 2017-07-07 , 2017-08-20 
2017,'강원','강릉시','염전', 2017-07-07 , 2017-08-20 
2017,'강원','강릉시','남항진', 2017-07-07 , 2017-08-20 
2017,'강원','강릉시','순긋', 2017-07-07 , 2017-08-20 
2017,'강원','강릉시','사천', 2017-07-07 , 2017-08-20 
2017,'강원','강릉시','하평', 2017-07-07 , 2017-08-20 
2017,'강원','삼척시','맹방', 2017-07-14 , 2017-08-20 
2017,'강원','삼척시','증산', 2017-07-14 , 2017-08-20 
2017,'강원','강릉시','경포', 2017-07-07 , 2017-08-20 
2017,'강원','강릉시','주문진', 2017-07-07 , 2017-08-20 
2017,'강원','강릉시','옥계(강원)', 2017-07-07 , 2017-08-20 
2017,'강원','강릉시','연곡', 2017-07-07 , 2017-08-20 
2017,'강원','강릉시','정동진', 2017-07-07 , 2017-08-20 
2017,'강원','강릉시','사근진', 2017-07-07 , 2017-08-20 
2017,'강원','강릉시','강문', 2017-07-07 , 2017-08-20 
2017,'강원','강릉시','송정', 2017-07-07 , 2017-08-20 
2017,'강원','강릉시','안목', 2017-07-07 , 2017-08-20 
2017,'강원','강릉시','사천진', 2017-07-07 , 2017-08-20 
2017,'강원','삼척시','용화', 2017-07-14 , 2017-08-20 
2017,'강원','삼척시','문암', 2017-07-14 , 2017-08-20 
2017,'강원','삼척시','원평(강원)', 2017-07-14 , 2017-08-20 
2017,'강원','삼척시','궁촌', 2017-07-14 , 2017-08-20 
2017,'강원','삼척시','덕산', 2017-07-14 , 2017-08-20 
2017,'강원','삼척시','하맹방', 2017-07-14 , 2017-08-20 
2017,'강원','삼척시','상맹방', 2017-07-14 , 2017-08-20 
2017,'강원','삼척시','작은후진', 2017-07-14 , 2017-08-20 
2017,'강원','강릉시','영진', 2017-07-07 , 2017-08-20 
2017,'강원','삼척시','장호', 2017-07-14 , 2017-08-20 
2017,'강원','고성군','봉포', 2017-07-14 , 2017-08-20 
2017,'강원','고성군','갠싱턴리조트', 2017-07-14 , 2017-08-20 
2017,'강원','양양군','낙산', 2017-07-07 , 2017-08-20 
2017,'강원','양양군','물치', 2017-07-07 , 2017-08-20 
2017,'강원','양양군','정암', 2017-07-07 , 2017-08-20 
2017,'강원','양양군','설악', 2017-07-07 , 2017-08-20 
2017,'강원','양양군','오산', 2017-07-07 , 2017-08-20 
2017,'강원','양양군','동호', 2017-07-07 , 2017-08-20 
2017,'강원','양양군','하조대', 2017-07-07 , 2017-08-20 
2017,'강원','양양군','38(기사문)', 2017-07-07 , 2017-08-20 
2017,'강원','양양군','잔교', 2017-07-07 , 2017-08-20 
2017,'강원','양양군','중광정', 2017-07-07 , 2017-08-20 
2017,'강원','양양군','동산', 2017-07-07 , 2017-08-20 
2017,'강원','양양군','동산포', 2017-07-07 , 2017-08-20 
2017,'강원','양양군','죽도', 2017-07-07 , 2017-08-20 
2017,'강원','양양군','인구', 2017-07-07 , 2017-08-20 
2017,'강원','양양군','광진', 2017-07-07 , 2017-08-20 
2017,'강원','양양군','갯마을', 2017-07-07 , 2017-08-20 
2017,'강원','양양군','남애3', 2017-07-07 , 2017-08-20 
2017,'강원','양양군','남애1', 2017-07-07 , 2017-08-20 
2017,'강원','양양군','원포', 2017-07-07 , 2017-08-20 
2017,'강원','양양군','지경', 2017-07-07 , 2017-08-20 
2017,'강원','양양군','북분리', 2017-07-07 , 2017-08-20 
2017,'강원','고성군','화진포콘도', 2017-07-14 , 2017-08-20 
2017,'강원','고성군','천진', 2017-07-14 , 2017-08-20 
2017,'강원','고성군','청간', 2017-07-14 , 2017-08-20 
2017,'강원','고성군','아야진', 2017-07-14 , 2017-08-20 
2017,'강원','삼척시','임원', 2017-07-14 , 2017-08-20 
2017,'강원','삼척시','오분', 2017-07-14 , 2017-08-20 
2017,'강원','삼척시','부남', 2017-07-14 , 2017-08-20 
2017,'강원','고성군','송지호', 2017-07-14 , 2017-08-20 
2017,'강원','고성군','송지호오토캠핑장', 2017-07-14 , 2017-08-20 
2017,'강원','고성군','봉수대', 2017-07-14 , 2017-08-20 
2017,'강원','고성군','화진포', 2017-07-14 , 2017-08-20 
2017,'강원','고성군','삼포', 2017-07-14 , 2017-08-20 
2017,'강원','고성군','백도', 2017-07-14 , 2017-08-20 
2017,'강원','고성군','명파', 2017-07-14 , 2017-08-20 
2017,'강원','고성군','마차진', 2017-07-14 , 2017-08-20 
2017,'강원','고성군','대진1리', 2017-07-14 , 2017-08-20 
2017,'강원','고성군','대진5리', 2017-07-14 , 2017-08-20 
2017,'강원','고성군','초도', 2017-07-14 , 2017-08-20 
2017,'강원','고성군','거진1리', 2017-07-14 , 2017-08-20 
2017,'강원','고성군','거진11리', 2017-07-14 , 2017-08-20 
2017,'강원','고성군','반암', 2017-07-14 , 2017-08-20 
2017,'강원','고성군','가진', 2017-07-14 , 2017-08-20 
2017,'강원','고성군','공현진1리', 2017-07-14 , 2017-08-20 
2017,'강원','고성군','공현진2리', 2017-07-14 , 2017-08-20 
2017,'강원','고성군','삼포2리', 2017-07-14 , 2017-08-20 
2017,'강원','고성군','자작도', 2017-07-14 , 2017-08-20 
2017,'강원','고성군','문암2리', 2017-07-14 , 2017-08-20 
2017,'강원','고성군','교암', 2017-07-14 , 2017-08-20 
2017,'강원','삼척시','한재밑', 2017-07-14 , 2017-08-20 
2017,'경남','거제시','흥남', 2017-07-01 , 2017-08-20 
2017,'경남','통영시','통영공설', 2017-07-08 , 2017-08-20 
2017,'경남','통영시','비진도 산호 빛 해변', 2017-07-08 , 2017-08-20 
2017,'경남','통영시','사량 대항', 2017-07-08 , 2017-08-20 
2017,'경남','사천시','남일대', 2017-07-08 , 2017-08-20 
2017,'경남','거제시','와현모래숲해변', 2017-07-01 , 2017-08-20 
2017,'경남','거제시','구조라', 2017-07-01 , 2017-08-20 
2017,'경남','거제시','학동흑진주몽돌해변', 2017-07-01 , 2017-08-20 
2017,'경남','거제시','농소', 2017-07-01 , 2017-08-20 
2017,'경남','거제시','덕포', 2017-07-01 , 2017-08-20 
2017,'경남','거제시','명사', 2017-07-01 , 2017-08-20 
2017,'경남','거제시','덕원', 2017-07-01 , 2017-08-20 
2017,'경남','거제시','물안', 2017-07-01 , 2017-08-20 
2017,'경남','거제시','옥계(경남)', 2017-07-01 , 2017-08-20 
2017,'경남','남해군','설리', 2017-07-14 , 2017-08-20 
2017,'경남','남해군','두곡 월포', 2017-07-14 , 2017-08-20 
2017,'경남','남해군','사촌', 2017-07-14 , 2017-08-20 
2017,'경남','남해군','송정 솔바람해변', 2017-07-14 , 2017-08-20 
2017,'경남','남해군','상주 은모래비치', 2017-07-08 , 2017-08-20 
2017,'경남','거제시','망치', 2017-07-01 , 2017-08-20 
2017,'경남','거제시','여차', 2017-07-01 , 2017-08-20 
2017,'경남','거제시','함목', 2017-07-01 , 2017-08-20 
2017,'경남','거제시','구영', 2017-07-01 , 2017-08-20 
2017,'경남','거제시','사곡', 2017-07-01 , 2017-08-20 
2017,'경남','거제시','황포', 2017-07-01 , 2017-08-20 
2017,'경북','영덕군','오보', 2017-07-14 , 2017-08-20 
2017,'경북','영덕군','경정', 2017-07-14 , 2017-08-20 
2017,'경북','울진군','나곡', 2017-07-14 , 2017-08-15 
2017,'경북','울진군','후정', 2017-07-14 , 2017-08-15 
2017,'경북','울진군','봉평', 2017-07-14 , 2017-08-15 
2017,'경북','울진군','망양정', 2017-07-14 , 2017-08-15 
2017,'경북','울진군','기성망양', 2017-07-14 , 2017-08-15 
2017,'경북','울진군','구산', 2017-07-14 , 2017-08-15 
2017,'경북','울진군','후포', 2017-07-14 , 2017-08-15 
2017,'경북','포항시북구','화 진', 2017-06-24 , 2017-08-20 
2017,'경북','영덕군','하저', 2017-07-14 , 2017-08-20 
2017,'경북','영덕군','남호', 2017-07-14 , 2017-08-20 
2017,'경북','포항시북구','영일대', 2017-06-17 , 2017-08-20 
2017,'경북','포항시북구','칠 포', 2017-06-24 , 2017-08-20 
2017,'경북','포항시북구','월 포', 2017-06-24 , 2017-08-20 
2017,'경북','포항시남구','구룡포', 2017-06-24 , 2017-08-20 
2017,'경북','포항시남구','도 구', 2017-06-24 , 2017-08-20 
2017,'경북','경주시','오류고아라', 2017-07-14 , 2017-08-20 
2017,'경북','경주시','전촌솔밭', 2017-07-14 , 2017-08-20 
2017,'경북','경주시','나정고운모래', 2017-07-14 , 2017-08-20 
2017,'경북','경주시','봉길대왕암', 2017-07-14 , 2017-08-20 
2017,'경북','경주시','관성솔밭', 2017-07-14 , 2017-08-20 
2017,'경북','영덕군','고래불', 2017-07-14 , 2017-08-20 
2017,'경북','영덕군','대진', 2017-07-14 , 2017-08-20 
2017,'경북','영덕군','장사', 2017-07-14 , 2017-08-20 
2017,'부산','해운대구','송정해수욕장', 2017-06-01 , 2017-08-31 
2017,'부산','사하구','다대포해수욕장', 2017-07-01 , 2017-08-31 
2017,'부산','수영구','광안리해수욕장', 2017-07-01 , 2017-09-10 
2017,'부산','기장군','일광해수욕장', 2017-07-01 , 2017-08-31 
2017,'부산','기장군','임랑해수욕장', 2017-07-01 , 2017-08-31 
2017,'부산','서구','송도해수욕장', 2017-06-01 , 2017-09-10 
2017,'부산','해운대구','해운대해수욕장', 2017-06-01 , 2017-08-31 
2017,'울산','울주군','진하해수욕장', 2017-07-01 , 2017-08-31 
2017,'울산','동구','일산해수욕장', 2017-06-30 , 2017-08-29 
2017,'전남','장흥군','수문', 2017-07-14 , 2017-08-13 
2017,'전남','보성군','율포솔밭', 2017-07-07 , 2017-08-20 
2017,'전남','고흥군','풍루', 2017-07-15 , 2017-08-20 
2017,'전남','진도군','신전', 2017-07-14 , 2017-08-20 
2017,'전남','해남군','송호', 2017-07-14 , 2017-08-13 
2017,'전남','해남군','사구미', 2017-07-17 , 2017-08-13 
2017,'전남','해남군','송평', 2017-07-17 , 2017-08-13 
2017,'전남','무안군','톱머리', 2017-07-08 , 2017-08-15 
2017,'전남','영광군','가마미', 2017-07-07 , 2017-08-25 
2017,'전남','무안군','홀통', 2017-07-08 , 2017-08-15 
2017,'전남','목포시','외달도', 2017-07-08 , 2017-08-20 
2017,'전남','고흥군','용동', 2017-07-15 , 2017-08-15 
2017,'전남','고흥군','익금', 2017-07-15 , 2017-08-20 
2017,'전남','고흥군','연소', 2017-07-15 , 2017-08-15 
2017,'전남','고흥군','금장', 2017-07-15 , 2017-08-15 
2017,'전남','고흥군','발포', 2017-07-15 , 2017-08-15 
2017,'전남','고흥군','염포', 2017-07-15 , 2017-08-15 
2017,'전남','고흥군','나로우주', 2017-07-15 , 2017-08-20 
2017,'전남','고흥군','덕흥', 2017-07-15 , 2017-08-15 
2017,'전남','고흥군','남열해돋이', 2017-07-20 , 2017-08-20 
2017,'전남','고흥군','대전', 2017-07-07 , 2017-08-20 
2017,'전남','영광군','송이도', 2017-07-24 , 2017-08-15 
2017,'전남','완도군','신지명사십리', 2017-07-07 , 2017-08-27 
2017,'전남','완도군','금일명사십리', 2017-07-21 , 2017-08-20 
2017,'전남','진도군','관매도', 2017-07-14 , 2017-08-20 
2017,'전남','신안군','우전', 2017-07-15 , 2017-08-15 
2017,'전남','신안군','짱뚱어', 2017-07-15 , 2017-08-15 
2017,'전남','신안군','대광', 2017-07-15 , 2017-08-15 
2017,'전남','신안군','백길', 2017-07-15 , 2017-08-15 
2017,'전남','신안군','분계', 2017-07-15 , 2017-08-15 
2017,'전남','신안군','원평(전남)', 2017-07-15 , 2017-08-15 
2017,'전남','신안군','하트', 2017-07-15 , 2017-08-15 
2017,'전남','신안군','시목', 2017-07-15 , 2017-08-15 
2017,'전남','신안군','돈목', 2017-07-15 , 2017-08-15 
2017,'전남','신안군','추포', 2017-07-15 , 2017-08-15 
2017,'전남','여수시','만성리', 2017-07-08 , 2017-08-20 
2017,'전남','여수시','웅천', 2017-07-08 , 2017-08-20 
2017,'전남','여수시','모사금', 2017-07-08 , 2017-08-20 
2017,'전남','여수시','장등', 2017-07-08 , 2017-08-20 
2017,'전남','여수시','방죽포', 2017-07-08 , 2017-08-20 
2017,'전남','진도군','가계', 2017-07-14 , 2017-08-20 
2017,'전남','완도군','생일금곡', 2017-07-21 , 2017-08-20 
2017,'전남','완도군','보길통리', 2017-07-21 , 2017-08-20 
2017,'전남','완도군','보길중리', 2017-07-21 , 2017-08-20 
2017,'전남','완도군','보길예송', 2017-07-21 , 2017-08-20 
2017,'전남','완도군','청산신흥(전남)', 2017-07-21 , 2017-08-20 
2017,'전남','완도군','청산지리', 2017-07-21 , 2017-08-20 
2017,'전남','완도군','약산가사', 2017-07-21 , 2017-08-20 
2017,'전남','진도군','금갑', 2017-07-14 , 2017-08-20 
2017,'전남','완도군','신지동고', 2017-07-21 , 2017-08-20 
2017,'전남','여수시','무슬목', 2017-07-08 , 2017-08-20 
2017,'전남','여수시','거문도', 2017-07-08 , 2017-08-20 
2017,'전남','여수시','안도', 2017-07-08 , 2017-08-20 
2017,'전남','함평군','돌머리', 2017-07-15 , 2017-08-20 
2017,'전북','고창군','구시포', 2017-07-08 , 2017-08-15 
2017,'전북','군산시','선유도해수욕장', 2017-07-01 , 2017-08-15 
2017,'전북','고창군','동 호', 2017-07-08 , 2017-08-15 
2017,'전북','부안군','변산', 2017-07-01 , 2017-08-15 
2017,'전북','부안군','위도', 2017-07-01 , 2017-08-15 
2017,'전북','부안군','모항', 2017-07-01 , 2017-08-15 
2017,'전북','부안군','격포', 2017-07-01 , 2017-08-15 
2017,'전북','부안군','고사포', 2017-07-01 , 2017-08-15 
2017,'제주','서귀포시','표선', 2017-07-01 , 2017-08-31 
2017,'제주','서귀포시','중문색달', 2017-07-01 , 2017-08-31 
2017,'제주','서귀포시','화순', 2017-07-01 , 2017-08-31 
2017,'제주','서귀포시','신양', 2017-07-01 , 2017-08-31 
2017,'제주','제주시','이호', 2017-06-24 , 2017-08-31 
2017,'제주','제주시','삼양', 2017-07-01 , 2017-08-31 
2017,'제주','제주시','함덕', 2017-06-24 , 2017-08-31 
2017,'제주','제주시','김녕', 2017-07-01 , 2017-08-31 
2017,'제주','제주시','금능', 2017-06-24 , 2017-08-31 
2017,'제주','제주시','협재', 2017-06-24 , 2017-08-31 
2017,'제주','제주시','곽지', 2017-07-01 , 2017-08-31 
2017,'충남','태안군','샛별', 2017-07-08 , 2017-08-20 
2017,'충남','태안군','곰섬', 2017-07-08 , 2017-08-20 
2017,'충남','태안군','연포', 2017-07-08 , 2017-08-20 
2017,'충남','태안군','갈음이', 2017-07-08 , 2017-08-20 
2017,'충남','태안군','파도리', 2017-07-08 , 2017-08-20 
2017,'충남','태안군','어은돌', 2017-07-08 , 2017-08-20 
2017,'충남','태안군','만리포', 2017-07-08 , 2017-08-20 
2017,'충남','태안군','천리포', 2017-07-08 , 2017-08-20 
2017,'충남','태안군','방주골', 2017-07-08 , 2017-08-20 
2017,'충남','태안군','의항', 2017-07-08 , 2017-08-20 
2017,'충남','태안군','구름포', 2017-07-08 , 2017-08-20 
2017,'충남','태안군','신두리', 2017-07-08 , 2017-08-20 
2017,'충남','태안군','구례포', 2017-07-08 , 2017-08-20 
2017,'충남','태안군','학암포', 2017-07-08 , 2017-08-20 
2017,'충남','태안군','꾸지나무골', 2017-07-08 , 2017-08-20 
2017,'충남','서천군','춘장대', 2017-07-01 , 2017-08-15 
2017,'충남','태안군','마검포', 2017-07-08 , 2017-08-20 
2017,'충남','태안군','청포대', 2017-07-08 , 2017-08-20 
2017,'충남','태안군','꽃지', 2017-07-08 , 2017-08-20 
2017,'충남','태안군','방포', 2017-07-08 , 2017-08-20 
2017,'충남','태안군','밧개', 2017-07-08 , 2017-08-20 
2017,'충남','태안군','안면', 2017-07-08 , 2017-08-20 
2017,'충남','태안군','기지포', 2017-07-08 , 2017-08-20 
2017,'충남','태안군','삼봉', 2017-07-08 , 2017-08-20 
2017,'충남','태안군','백사장', 2017-07-08 , 2017-08-20 
2017,'충남','당진시','왜목마을', 2017-07-08 , 2017-08-20 
2017,'충남','당진시','난지섬', 2017-07-08 , 2017-08-20 
2017,'충남','보령시','무창포', 2017-07-15 , 2017-08-16 
2017,'충남','보령시','대천', 2017-06-17 , 2017-08-20 
2017,'충남','태안군','바람아래', 2017-07-08 , 2017-08-20 
2017,'충남','태안군','장삼포', 2017-07-08 , 2017-08-20 
2017,'충남','태안군','몽산포', 2017-07-08 , 2017-08-20 
2017,'충남','태안군','달산포', 2017-07-08 , 2017-08-20 
2018,'강원','삼척시','작은후진', 2018-07-13 , 2018-08-19 
2018,'강원','삼척시','증산', 2018-07-13 , 2018-08-19 
2018,'강원','삼척시','맹방', 2018-07-13 , 2018-08-19 
2018,'강원','속초시','외옹치', 2018-07-06 , 2018-08-19 
2018,'강원','속초시','등대', 2018-07-06 , 2018-08-19 
2018,'강원','속초시','속초', 2018-07-06 , 2018-08-19 
2018,'강원','동해시','어달해수욕장', 2018-07-10 , 2018-08-19 
2018,'강원','동해시','대진해수욕장', 2018-07-10 , 2018-08-19 
2018,'강원','동해시','노봉해수욕장', 2018-07-10 , 2018-08-19 
2018,'강원','삼척시','한재밑', 2018-07-13 , 2018-08-19 
2018,'강원','삼척시','상맹방', 2018-07-13 , 2018-08-19 
2018,'강원','삼척시','하맹방', 2018-07-13 , 2018-08-19 
2018,'강원','삼척시','덕산', 2018-07-13 , 2018-08-19 
2018,'강원','삼척시','궁촌', 2018-07-13 , 2018-08-19 
2018,'강원','삼척시','원평(강원)', 2018-07-13 , 2018-08-19 
2018,'강원','삼척시','문암', 2018-07-13 , 2018-08-19 
2018,'강원','삼척시','용화', 2018-07-13 , 2018-08-19 
2018,'강원','삼척시','장호', 2018-07-13 , 2018-08-19 
2018,'강원','삼척시','임원', 2018-07-13 , 2018-08-19 
2018,'강원','삼척시','오분', 2018-07-13 , 2018-08-19 
2018,'강원','삼척시','부남', 2018-07-13 , 2018-08-19 
2018,'강원','동해시','추암해수욕장', 2018-07-10 , 2018-08-19 
2018,'강원','동해시','리조트해수욕장', 2018-07-10 , 2018-08-19 
2018,'강원','삼척시','삼척', 2018-07-13 , 2018-08-19 
2018,'강원','강릉시','경포', 2018-07-06 , 2018-08-19 
2018,'강원','강릉시','주문진', 2018-07-06 , 2018-08-19 
2018,'강원','강릉시','옥계(강원)', 2018-07-06 , 2018-08-19 
2018,'강원','강릉시','연곡', 2018-07-06 , 2018-08-19 
2018,'강원','강릉시','정동진', 2018-07-06 , 2018-08-19 
2018,'강원','강릉시','사근진', 2018-07-06 , 2018-08-19 
2018,'강원','강릉시','강문', 2018-07-06 , 2018-08-19 
2018,'강원','강릉시','송정', 2018-07-06 , 2018-08-19 
2018,'강원','강릉시','안목', 2018-07-06 , 2018-08-19 
2018,'강원','강릉시','사천진', 2018-07-06 , 2018-08-19 
2018,'강원','강릉시','영진', 2018-07-06 , 2018-08-19 
2018,'강원','강릉시','하평', 2018-07-06 , 2018-08-19 
2018,'강원','강릉시','사천', 2018-07-06 , 2018-08-19 
2018,'강원','강릉시','순긋', 2018-07-06 , 2018-08-19 
2018,'강원','강릉시','남항진', 2018-07-06 , 2018-08-19 
2018,'강원','강릉시','염전', 2018-07-06 , 2018-08-19 
2018,'강원','강릉시','안인', 2018-07-06 , 2018-08-19 
2018,'강원','강릉시','등명', 2018-07-06 , 2018-08-19 
2018,'강원','강릉시','금진', 2018-07-06 , 2018-08-19 
2018,'강원','강릉시','도직', 2018-07-06 , 2018-08-19 
2018,'강원','동해시','망상해수욕장', 2018-07-10 , 2018-08-19 
2018,'강원','고성군','송지호', 2018-07-13 , 2018-08-19 
2018,'강원','고성군','송지호오토캠핑장', 2018-07-13 , 2018-08-19 
2018,'강원','고성군','봉수대', 2018-07-13 , 2018-08-19 
2018,'강원','양양군','물치', 2018-07-06 , 2018-08-19 
2018,'강원','양양군','정암', 2018-07-06 , 2018-08-19 
2018,'강원','양양군','설악', 2018-07-06 , 2018-08-19 
2018,'강원','양양군','오산', 2018-07-06 , 2018-08-19 
2018,'강원','양양군','동호', 2018-07-06 , 2018-08-19 
2018,'강원','양양군','하조대', 2018-07-06 , 2018-08-19 
2018,'강원','양양군','38(기사문)', 2018-07-06 , 2018-08-19 
2018,'강원','양양군','잔교', 2018-07-06 , 2018-08-19 
2018,'강원','양양군','중광정', 2018-07-06 , 2018-08-19 
2018,'강원','양양군','동산', 2018-07-06 , 2018-08-19 
2018,'강원','양양군','동산포', 2018-07-06 , 2018-08-19 
2018,'강원','양양군','죽도', 2018-07-06 , 2018-08-19 
2018,'강원','양양군','인구', 2018-07-06 , 2018-08-19 
2018,'강원','양양군','광진', 2018-07-06 , 2018-08-19 
2018,'강원','양양군','갯마을', 2018-07-06 , 2018-08-19 
2018,'강원','양양군','남애3', 2018-07-06 , 2018-08-19 
2018,'강원','양양군','남애1', 2018-07-06 , 2018-08-19 
2018,'강원','양양군','원포', 2018-07-06 , 2018-08-19 
2018,'강원','양양군','지경', 2018-07-06 , 2018-08-19 
2018,'강원','양양군','북분리', 2018-07-06 , 2018-08-19 
2018,'강원','고성군','화진포콘도', 2018-07-13 , 2018-08-19 
2018,'강원','양양군','낙산', 2018-07-06 , 2018-08-19 
2018,'강원','고성군','갠싱턴리조트', 2018-07-13 , 2018-08-19 
2018,'강원','고성군','봉포', 2018-07-13 , 2018-08-19 
2018,'강원','고성군','화진포', 2018-07-13 , 2018-08-19 
2018,'강원','고성군','삼포', 2018-07-13 , 2018-08-19 
2018,'강원','고성군','백도', 2018-07-13 , 2018-08-19 
2018,'강원','고성군','명파', 2018-07-13 , 2018-08-19 
2018,'강원','고성군','마차진', 2018-07-13 , 2018-08-19 
2018,'강원','고성군','대진1리', 2018-07-13 , 2018-08-19 
2018,'강원','고성군','대진5리', 2018-07-13 , 2018-08-19 
2018,'강원','고성군','초도', 2018-07-13 , 2018-08-19 
2018,'강원','고성군','거진1리', 2018-07-13 , 2018-08-19 
2018,'강원','고성군','거진11리', 2018-07-13 , 2018-08-19 
2018,'강원','고성군','반암', 2018-07-13 , 2018-08-19 
2018,'강원','고성군','가진', 2018-07-13 , 2018-08-19 
2018,'강원','고성군','천진', 2018-07-13 , 2018-08-19 
2018,'강원','고성군','청간', 2018-07-13 , 2018-08-19 
2018,'강원','고성군','아야진', 2018-07-13 , 2018-08-19 
2018,'강원','고성군','교암', 2018-07-13 , 2018-08-19 
2018,'강원','고성군','문암2리', 2018-07-13 , 2018-08-19 
2018,'강원','고성군','자작도', 2018-07-13 , 2018-08-19 
2018,'강원','고성군','삼포2리', 2018-07-13 , 2018-08-19 
2018,'강원','고성군','공현진2리', 2018-07-13 , 2018-08-19 
2018,'강원','고성군','공현진1리', 2018-07-13 , 2018-08-19 
2018,'경남','거제시','덕포', 2018-06-30 , 2018-08-19 
2018,'경남','거제시','흥남', 2018-06-30 , 2018-08-19 
2018,'경남','거제시','농소', 2018-06-30 , 2018-08-19 
2018,'경남','거제시','학동흑진주몽돌해변', 2018-06-23 , 2018-08-19 
2018,'경남','거제시','구조라', 2018-06-30 , 2018-08-19 
2018,'경남','거제시','와현모래숲해변', 2018-06-30 , 2018-08-19 
2018,'경남','사천시','남일대', 2018-07-07 , 2018-08-19 
2018,'경남','통영시','사량 대항', 2018-07-07 , 2018-08-19 
2018,'경남','통영시','비진도 산호 빛 해변', 2018-07-07 , 2018-08-19 
2018,'경남','통영시','통영공설', 2018-07-07 , 2018-08-19 
2018,'경남','창원시','광암', 2018-07-07 , 2018-08-19 
2018,'경남','거제시','옥계(경남)', 2018-07-07 , 2018-08-19 
2018,'경남','거제시','명사', 2018-06-30 , 2018-08-19 
2018,'경남','거제시','덕원', 2018-07-07 , 2018-08-19 
2018,'경남','거제시','물안', 2018-06-30 , 2018-08-19 
2018,'경남','남해군','두곡 월포', 2018-07-13 , 2018-08-19 
2018,'경남','남해군','설리', 2018-07-13 , 2018-08-19 
2018,'경남','남해군','사촌', 2018-07-13 , 2018-08-19 
2018,'경남','남해군','송정 솔바람해변', 2018-07-13 , 2018-08-19 
2018,'경남','남해군','상주 은모래비치', 2018-07-06 , 2018-08-19 
2018,'경남','거제시','망치', 2018-06-30 , 2018-08-19 
2018,'경남','거제시','여차', 2018-07-07 , 2018-08-19 
2018,'경남','거제시','함목', 2018-07-07 , 2018-08-19 
2018,'경남','거제시','구영', 2018-07-07 , 2018-08-19 
2018,'경남','거제시','사곡', 2018-06-30 , 2018-08-19 
2018,'경남','거제시','황포', 2018-07-07 , 2018-08-19 
2018,'경북','영덕군','남호', 2018-07-13 , 2018-08-19 
2018,'경북','영덕군','장사', 2018-07-13 , 2018-08-19 
2018,'경북','영덕군','하저', 2018-07-13 , 2018-08-19 
2018,'경북','영덕군','대진', 2018-07-13 , 2018-08-19 
2018,'경북','영덕군','고래불', 2018-07-13 , 2018-08-19 
2018,'경북','경주시','관성솔밭', 2018-07-13 , 2018-08-19 
2018,'경북','경주시','봉길대왕암', 2018-07-13 , 2018-08-19 
2018,'경북','경주시','나정고운모래', 2018-07-13 , 2018-08-19 
2018,'경북','경주시','전촌솔밭', 2018-07-13 , 2018-08-19 
2018,'경북','경주시','오류고아라', 2018-07-13 , 2018-08-19 
2018,'경북','포항시남구','도 구', 2018-06-23 , 2018-08-26 
2018,'경북','포항시남구','구룡포', 2018-06-23 , 2018-08-26 
2018,'경북','포항시북구','화 진', 2018-06-23 , 2018-08-26 
2018,'경북','포항시북구','월 포', 2018-06-23 , 2018-08-26 
2018,'경북','포항시북구','칠 포', 2018-06-23 , 2018-08-26 
2018,'경북','포항시북구','영일대', 2018-06-23 , 2018-08-26 
2018,'경북','영덕군','오보', 2018-07-13 , 2018-08-19 
2018,'경북','영덕군','경정', 2018-07-13 , 2018-08-19 
2018,'경북','울진군','나곡', 2018-07-13 , 2018-08-15 
2018,'경북','울진군','후정', 2018-07-13 , 2018-08-15 
2018,'경북','울진군','봉평', 2018-07-13 , 2018-08-15 
2018,'경북','울진군','망양정', 2018-07-13 , 2018-08-15 
2018,'경북','울진군','후포', 2018-07-13 , 2018-08-15 
2018,'경북','울진군','구산', 2018-07-07 , 2018-08-19 
2018,'경북','울진군','기성망양', 2018-07-13 , 2018-08-15 
2018,'부산','서구','송도해수욕장', 2018-06-01 , 2018-08-31 
2018,'부산','해운대구','해운대해수욕장', 2018-06-01 , 2018-08-31 
2018,'부산','해운대구','송정해수욕장', 2018-06-01 , 2018-08-31 
2018,'부산','사하구','다대포해수욕장', 2018-07-01 , 2018-08-31 
2018,'부산','수영구','광안리해수욕장', 2018-07-01 , 2018-08-31 
2018,'부산','기장군','일광해수욕장', 2018-07-01 , 2018-08-31 
2018,'부산','기장군','임랑해수욕장', 2018-07-01 , 2018-08-31 
2018,'울산','울주군','진하해수욕장', 2018-07-01 , 2018-08-31 
2018,'울산','동구','일산해수욕장', 2018-06-29 , 2018-08-28 
2018,'인천','중구','하나개', 2018-07-01 , 2018-08-31 
2018,'인천','옹진군','옹 암', 2018-07-14 , 2018-08-26 
2018,'인천','옹진군','사포리', 2018-07-14 , 2018-08-26 
2018,'인천','옹진군','십리포', 2018-07-14 , 2018-08-26 
2018,'인천','옹진군','장경리', 2018-07-14 , 2018-08-26 
2018,'인천','중구','왕산', 2018-07-01 , 2018-08-31 
2018,'인천','중구','을왕', 2018-07-01 , 2018-08-31 
2018,'전남','장흥군','수문', 2018-07-13 , 2018-08-12 
2018,'전남','해남군','송호', 2018-07-13 , 2018-08-13 
2018,'전남','해남군','사구미', 2018-07-16 , 2018-08-13 
2018,'전남','해남군','송평', 2018-07-16 , 2018-08-13 
2018,'전남','무안군','홀통', 2018-07-14 , 2018-08-19 
2018,'전남','무안군','톱머리', 2018-07-14 , 2018-08-19 
2018,'전남','영광군','가마미', 2018-07-14 , 2018-08-19 
2018,'전남','영광군','송이도', 2018-07-21 , 2018-08-12 
2018,'전남','완도군','신지명사십리', 2018-07-06 , 2018-08-26 
2018,'전남','완도군','금일명사십리', 2018-07-18 , 2018-08-19 
2018,'전남','보성군','율포솔밭', 2018-07-13 , 2018-08-19 
2018,'전남','고흥군','풍류', 2018-07-13 , 2018-08-19 
2018,'전남','고흥군','대전', 2018-07-13 , 2018-08-19 
2018,'전남','고흥군','남열해돋이', 2018-07-13 , 2018-08-19 
2018,'전남','고흥군','덕흥', 2018-07-13 , 2018-08-19 
2018,'전남','고흥군','나로우주', 2018-07-13 , 2018-08-19 
2018,'전남','고흥군','염포', 2018-07-13 , 2018-08-19 
2018,'전남','고흥군','발포', 2018-07-13 , 2018-08-20 
2018,'전남','고흥군','금장', 2018-07-15 , 2018-08-15 
2018,'전남','고흥군','연소', 2018-07-15 , 2018-08-15 
2018,'전남','고흥군','익금', 2018-07-13 , 2018-08-19 
2018,'전남','고흥군','용동', 2018-07-15 , 2018-08-15 
2018,'전남','목포시','외달도', 2018-07-07 , 2018-08-19 
2018,'전남','완도군','신지동고', 2018-07-20 , 2018-08-19 
2018,'전남','완도군','약산가사', 2018-07-20 , 2018-08-19 
2018,'전남','완도군','청산지리', 2018-07-20 , 2018-08-19 
2018,'전남','함평군','돌머리', 2018-07-14 , 2018-08-19 
2018,'전남','여수시','안도', 2018-07-07 , 2018-08-19 
2018,'전남','여수시','거문도', 2018-07-07 , 2018-08-19 
2018,'전남','여수시','무슬목', 2018-07-07 , 2018-08-19 
2018,'전남','여수시','방죽포', 2018-07-07 , 2018-08-19 
2018,'전남','여수시','장등', 2018-07-07 , 2018-08-19 
2018,'전남','신안군','분계', 2018-07-14 , 2018-08-15 
2018,'전남','여수시','모사금', 2018-07-07 , 2018-08-19 
2018,'전남','여수시','웅천', 2018-07-07 , 2018-08-19 
2018,'전남','여수시','만성리', 2018-07-07 , 2018-08-19 
2018,'전남','신안군','추포', 2018-07-14 , 2018-08-15 
2018,'전남','신안군','황성금리', 2018-07-14 , 2018-08-15 
2018,'전남','신안군','돈목', 2018-07-14 , 2018-08-15 
2018,'전남','신안군','시목', 2018-07-14 , 2018-08-15 
2018,'전남','신안군','하트', 2018-07-14 , 2018-08-15 
2018,'전남','신안군','원평(전남)', 2018-07-14 , 2018-08-15 
2018,'전남','진도군','금갑', 2018-07-13 , 2018-08-19 
2018,'전남','신안군','백길', 2018-07-14 , 2018-08-15 
2018,'전남','신안군','대광', 2018-07-14 , 2018-08-15 
2018,'전남','신안군','짱뚱어', 2018-07-14 , 2018-08-15 
2018,'전남','신안군','우전', 2018-07-14 , 2018-08-15 
2018,'전남','진도군','관매도', 2018-07-13 , 2018-08-19 
2018,'전남','진도군','신전', 2018-07-13 , 2018-08-19 
2018,'전남','완도군','청산신흥(전남)', 2018-07-20 , 2018-08-19 
2018,'전남','완도군','보길예송', 2018-07-20 , 2018-08-19 
2018,'전남','완도군','보길중리', 2018-07-20 , 2018-08-19 
2018,'전남','완도군','보길통리', 2018-07-20 , 2018-08-19 
2018,'전남','완도군','생일금곡', 2018-07-20 , 2018-08-19 
2018,'전남','진도군','가계', 2018-07-13 , 2018-08-19 
2018,'전북','군산시','선유도해수욕장', 2018-07-16 , 2018-08-15 
2018,'전북','고창군','구시포', 2018-07-06 , 2018-08-15 
2018,'전북','고창군','동 호', 2018-07-06 , 2018-08-15 
2018,'전북','부안군','변산', 2018-07-06 , 2018-08-16 
2018,'전북','부안군','고사포', 2018-07-06 , 2018-08-16 
2018,'전북','부안군','격포', 2018-07-06 , 2018-08-16 
2018,'전북','부안군','모항', 2018-07-06 , 2018-08-16 
2018,'전북','부안군','위도', 2018-07-06 , 2018-08-16 
2018,'제주','서귀포시','표선', 2018-07-01 , 2018-08-31 
2018,'제주','서귀포시','중문색달', 2018-07-01 , 2018-08-31 
2018,'제주','서귀포시','화순', 2018-07-01 , 2018-08-31 
2018,'제주','서귀포시','신양', 2018-07-01 , 2018-08-31 
2018,'제주','제주시','이호', 2018-06-23 , 2018-08-31 
2018,'제주','제주시','삼양', 2018-07-01 , 2018-08-31 
2018,'제주','제주시','함덕', 2018-06-23 , 2018-08-31 
2018,'제주','제주시','김녕', 2018-07-01 , 2018-08-31 
2018,'제주','제주시','곽지', 2018-06-23 , 2018-08-31 
2018,'제주','제주시','금능', 2018-06-23 , 2018-08-31 
2018,'제주','제주시','협재', 2018-06-23 , 2018-08-31 
2018,'충남','태안군','기지포', 2018-07-07 , 2018-08-19 
2018,'충남','태안군','삼봉', 2018-07-07 , 2018-08-19 
2018,'충남','태안군','백사장', 2018-07-07 , 2018-08-19 
2018,'충남','당진시','왜목마을', 2018-07-07 , 2018-08-19 
2018,'충남','당진시','난지섬', 2018-07-07 , 2018-08-19 
2018,'충남','보령시','무창포', 2018-07-14 , 2018-08-16 
2018,'충남','보령시','대천', 2018-06-16 , 2018-08-19 
2018,'충남','태안군','안면', 2018-07-07 , 2018-08-19 
2018,'충남','태안군','밧개', 2018-07-07 , 2018-08-19 
2018,'충남','태안군','샛별', 2018-07-07 , 2018-08-19 
2018,'충남','서천군','춘장대', 2018-07-07 , 2018-08-19 
2018,'충남','태안군','꾸지나무골', 2018-07-07 , 2018-08-19 
2018,'충남','태안군','학암포', 2018-07-07 , 2018-08-19 
2018,'충남','태안군','구례포', 2018-07-07 , 2018-08-19 
2018,'충남','태안군','신두리', 2018-07-07 , 2018-08-19 
2018,'충남','태안군','구름포', 2018-07-07 , 2018-08-19 
2018,'충남','태안군','의항', 2018-07-07 , 2018-08-19 
2018,'충남','태안군','방주골', 2018-07-07 , 2018-08-19 
2018,'충남','태안군','천리포', 2018-07-07 , 2018-08-19 
2018,'충남','태안군','만리포', 2018-07-07 , 2018-08-19 
2018,'충남','태안군','어은돌', 2018-07-07 , 2018-08-19 
2018,'충남','태안군','파도리', 2018-07-07 , 2018-08-19 
2018,'충남','태안군','방포', 2018-07-07 , 2018-08-19 
2018,'충남','태안군','꽃지', 2018-07-07 , 2018-08-19 
2018,'충남','태안군','바람아래', 2018-07-07 , 2018-08-19 
2018,'충남','태안군','장삼포', 2018-07-07 , 2018-08-19 
2018,'충남','태안군','몽산포', 2018-07-07 , 2018-08-19 
2018,'충남','태안군','달산포', 2018-07-07 , 2018-08-19 
2018,'충남','태안군','청포대', 2018-07-07 , 2018-08-19 
2018,'충남','태안군','마검포', 2018-07-07 , 2018-08-19 
2018,'충남','태안군','곰섬', 2018-07-07 , 2018-08-19 
2018,'충남','태안군','연포', 2018-07-07 , 2018-08-19 
2018,'충남','태안군','갈음이', 2018-07-07 , 2018-08-19 
2019,'강원도','삼척시','상맹방', 2019-07-12 , 2019-08-18 
2019,'강원도','삼척시','한재밑', 2019-07-12 , 2019-08-18 
2019,'강원도','삼척시','작은후진', 2019-07-12 , 2019-08-18 
2019,'강원도','삼척시','증산', 2019-07-12 , 2019-08-18 
2019,'강원도','삼척시','맹방', 2019-07-12 , 2019-08-18 
2019,'강원도','삼척시','삼척', 2019-07-12 , 2019-08-18 
2019,'강원도','속초시','등대', 2019-07-05 , 2019-08-18 
2019,'강원도','속초시','외옹치', 2019-07-05 , 2019-08-18 
2019,'강원도','속초시','속초', 2019-07-05 , 2019-08-18 
2019,'강원도','동해시','어달', 2019-07-01 , 2019-08-18 
2019,'강원도','삼척시','하맹방', 2019-07-12 , 2019-08-18 
2019,'강원도','삼척시','덕산', 2019-07-12 , 2019-08-18 
2019,'강원도','삼척시','궁촌', 2019-07-12 , 2019-08-18 
2019,'강원도','삼척시','원평', 2019-07-12 , 2019-08-18 
2019,'강원도','삼척시','문암', 2019-07-12 , 2019-08-18 
2019,'강원도','삼척시','용화', 2019-07-12 , 2019-08-18 
2019,'강원도','삼척시','장호', 2019-07-12 , 2019-08-18 
2019,'강원도','삼척시','임원', 2019-07-12 , 2019-08-18 
2019,'강원도','삼척시','오분', 2019-07-12 , 2019-08-18 
2019,'강원도','삼척시','부남', 2019-07-12 , 2019-08-18 
2019,'강원도','고성군','송지호', 2019-07-12 , 2019-08-18 
2019,'강원도','고성군','송지호오토캠핑장', 2019-07-12 , 2019-08-18 
2019,'강원도','동해시','대진', 2019-07-01 , 2019-08-18 
2019,'강원도','동해시','노봉', 2019-07-01 , 2019-08-18 
2019,'강원도','동해시','추암', 2019-07-01 , 2019-08-18 
2019,'강원도','강릉시','경포', 2019-07-05 , 2019-08-18 
2019,'강원도','강릉시','주문진', 2019-07-05 , 2019-08-18 
2019,'강원도','강릉시','옥계', 2019-07-05 , 2019-08-18 
2019,'강원도','강릉시','정동진', 2019-07-05 , 2019-08-18 
2019,'강원도','강릉시','사근진', 2019-07-05 , 2019-08-18 
2019,'강원도','강릉시','강문', 2019-07-05 , 2019-08-18 
2019,'강원도','강릉시','송정', 2019-07-05 , 2019-08-18 
2019,'강원도','강릉시','안목', 2019-07-05 , 2019-08-18 
2019,'강원도','강릉시','사천진', 2019-07-05 , 2019-08-18 
2019,'강원도','강릉시','연곡', 2019-07-05 , 2019-08-18 
2019,'강원도','강릉시','영진', 2019-07-05 , 2019-08-18 
2019,'강원도','강릉시','하평', 2019-07-05 , 2019-08-18 
2019,'강원도','강릉시','사천', 2019-07-05 , 2019-08-18 
2019,'강원도','강릉시','순긋', 2019-07-05 , 2019-08-18 
2019,'강원도','강릉시','남항진', 2019-07-05 , 2019-08-18 
2019,'강원도','강릉시','염전', 2019-07-05 , 2019-08-18 
2019,'강원도','강릉시','안인', 2019-07-05 , 2019-08-18 
2019,'강원도','강릉시','등명', 2019-07-05 , 2019-08-18 
2019,'강원도','강릉시','금진', 2019-07-05 , 2019-08-18 
2019,'강원도','강릉시','도직', 2019-07-05 , 2019-08-18 
2019,'강원도','동해시','망상', 2019-07-01 , 2019-08-18 
2019,'강원도','동해시','망상리조트', 2019-07-01 , 2019-08-18 
2019,'강원도','고성군','봉수대', 2019-07-12 , 2019-08-18 
2019,'강원도','고성군','화진포', 2019-07-12 , 2019-08-18 
2019,'강원도','고성군','삼포', 2019-07-12 , 2019-08-18 
2019,'강원도','양양군','물치', 2019-07-12 , 2019-08-25 
2019,'강원도','양양군','정암', 2019-07-12 , 2019-08-25 
2019,'강원도','양양군','설악', 2019-07-12 , 2019-08-25 
2019,'강원도','양양군','오산', 2019-07-12 , 2019-08-25 
2019,'강원도','양양군','동호', 2019-07-12 , 2019-08-25 
2019,'강원도','양양군','하조대', 2019-07-12 , 2019-08-25 
2019,'강원도','양양군','중광정', 2019-07-12 , 2019-08-25 
2019,'강원도','양양군','38(기사문)', 2019-07-12 , 2019-08-25 
2019,'강원도','양양군','잔교', 2019-07-12 , 2019-08-25 
2019,'강원도','양양군','북분', 2019-07-12 , 2019-08-25 
2019,'강원도','양양군','동산', 2019-07-12 , 2019-08-25 
2019,'강원도','양양군','동산포', 2019-07-12 , 2019-08-25 
2019,'강원도','양양군','죽도', 2019-07-12 , 2019-08-25 
2019,'강원도','양양군','인구', 2019-07-12 , 2019-08-25 
2019,'강원도','양양군','광진', 2019-07-12 , 2019-08-25 
2019,'강원도','양양군','갯마을', 2019-07-12 , 2019-08-25 
2019,'강원도','양양군','남애3', 2019-07-12 , 2019-08-25 
2019,'강원도','양양군','남애1', 2019-07-12 , 2019-08-25 
2019,'강원도','양양군','원포', 2019-07-12 , 2019-08-25 
2019,'강원도','양양군','지경', 2019-07-12 , 2019-08-25 
2019,'강원도','양양군','낙산', 2019-07-12 , 2019-08-25 
2019,'강원도','고성군','화진포콘도', 2019-07-12 , 2019-08-18 
2019,'강원도','고성군','캔싱턴리조트', 2019-07-12 , 2019-08-18 
2019,'강원도','고성군','백도', 2019-07-12 , 2019-08-18 
2019,'강원도','고성군','명파', 2019-07-12 , 2019-08-18 
2019,'강원도','고성군','마차진', 2019-07-12 , 2019-08-18 
2019,'강원도','고성군','대진1리', 2019-07-12 , 2019-08-18 
2019,'강원도','고성군','대진5리', 2019-07-12 , 2019-08-18 
2019,'강원도','고성군','초도', 2019-07-12 , 2019-08-18 
2019,'강원도','고성군','거진1리', 2019-07-12 , 2019-08-18 
2019,'강원도','고성군','거진11리', 2019-07-12 , 2019-08-18 
2019,'강원도','고성군','반암', 2019-07-12 , 2019-08-18 
2019,'강원도','고성군','가진', 2019-07-12 , 2019-08-18 
2019,'강원도','고성군','공현진1리', 2019-07-12 , 2019-08-18 
2019,'강원도','고성군','공형진2리', 2019-07-12 , 2019-08-18 
2019,'강원도','고성군','삼포2리', 2019-07-12 , 2019-08-18 
2019,'강원도','고성군','자작도', 2019-07-12 , 2019-08-18 
2019,'강원도','고성군','문암2리', 2019-07-12 , 2019-08-18 
2019,'강원도','고성군','교암', 2019-07-12 , 2019-08-18 
2019,'강원도','고성군','아야진', 2019-07-12 , 2019-08-18 
2019,'강원도','고성군','청간', 2019-07-12 , 2019-08-18 
2019,'강원도','고성군','천진', 2019-07-12 , 2019-08-18 
2019,'강원도','고성군','봉포', 2019-07-12 , 2019-08-18 
2019,'경상남도','거제시','명사', 2019-07-06 , 2019-08-25 
2019,'경상남도','거제시','덕원', 2019-07-13 , 2019-08-25 
2019,'경상남도','거제시','망치해변', 2019-07-06 , 2019-08-25 
2019,'경상남도','거제시','학동흑진주몽돌해변', 2019-07-06 , 2019-08-25 
2019,'경상남도','거제시','와현', 2019-07-06 , 2019-08-25 
2019,'경상남도','거제시','구조라', 2019-07-06 , 2019-08-25 
2019,'경상남도','통영시','사량대항', 2019-07-06 , 2019-08-20 
2019,'경상남도','통영시','비진도', 2019-07-06 , 2019-08-19 
2019,'경상남도','통영시','수륙', 2019-07-06 , 2019-08-18 
2019,'경상남도','사천시','남일대', 2019-07-06 , 2019-08-18 
2019,'경상남도','창원시','광암장', 2019-07-06 , 2019-08-18 
2019,'경상남도','거제시','함목', 2019-07-13 , 2019-08-25 
2019,'경상남도','거제시','여차', 2019-07-13 , 2019-08-25 
2019,'경상남도','거제시','사곡', 2019-07-13 , 2019-08-25 
2019,'경상남도','거제시','물안', 2019-07-13 , 2019-08-25 
2019,'경상남도','거제시','옥계', 2019-07-13 , 2019-08-25 
2019,'경상남도','거제시','흥남', 2019-07-13 , 2019-08-25 
2019,'경상남도','거제시','농소', 2019-07-13 , 2019-08-25 
2019,'경상남도','거제시','황포', 2019-07-13 , 2019-08-25 
2019,'경상남도','거제시','구영', 2019-07-13 , 2019-08-25 
2019,'경상남도','거제시','덕포', 2019-07-13 , 2019-08-25 
2019,'경상남도','남해군','상주은모래비치', 2019-07-05 , 2019-08-18 
2019,'경상남도','남해군','송정솔바람해변', 2019-07-12 , 2019-08-19 
2019,'경상남도','남해군','사촌', 2019-07-12 , 2019-08-19 
2019,'경상남도','남해군','설리', 2019-07-12 , 2019-08-19 
2019,'경상남도','남해군','두곡·월포', 2019-07-12 , 2019-08-19 
2019,'경상북도','포항시','구룡포', 2019-07-06 , 2019-08-18 
2019,'경상북도','포항시','도구', 2019-07-06 , 2019-08-18 
2019,'경상북도','경주시','오류고아라', 2019-07-12 , 2019-08-18 
2019,'경상북도','경주시','전촌솔밭', 2019-07-12 , 2019-08-18 
2019,'경상북도','경주시','나정고운모래', 2019-07-12 , 2019-08-18 
2019,'경상북도','경주시','봉길대왕암', 2019-07-12 , 2019-08-18 
2019,'경상북도','경주시','관성솔밭', 2019-07-12 , 2019-08-18 
2019,'경상북도','영덕군','고래불', 2019-07-12 , 2019-08-18 
2019,'경상북도','영덕군','대진', 2019-07-12 , 2019-08-18 
2019,'경상북도','영덕군','장사', 2019-07-12 , 2019-08-18 
2019,'경상북도','영덕군','남호', 2019-07-12 , 2019-08-18 
2019,'경상북도','영덕군','하저', 2019-07-12 , 2019-08-18 
2019,'경상북도','영덕군','오보', 2019-07-12 , 2019-08-18 
2019,'경상북도','영덕군','경정', 2019-07-12 , 2019-08-18 
2019,'경상북도','울진군','나곡', 2019-07-12 , 2019-08-18 
2019,'경상북도','울진군','후정', 2019-07-12 , 2019-08-18 
2019,'경상북도','울진군','봉평', 2019-07-12 , 2019-08-18 
2019,'경상북도','울진군','망양정', 2019-07-12 , 2019-08-18 
2019,'경상북도','울진군','기성망양', 2019-07-12 , 2019-08-18 
2019,'경상북도','울진군','구산', 2019-07-12 , 2019-08-18 
2019,'경상북도','울진군','후포', 2019-07-12 , 2019-08-18 
2019,'경상북도','포항시','화진', 2019-07-06 , 2019-08-18 
2019,'경상북도','포항시','월포', 2019-07-06 , 2019-08-18 
2019,'경상북도','포항시','칠포', 2019-07-06 , 2019-08-18 
2019,'경상북도','포항시','영일대', 2019-07-06 , 2019-08-18 
2019,'부산광역시','기장군','임랑', 2019-07-01 , 2019-08-31 
2019,'부산광역시','사하구','다대포', 2019-07-01 , 2019-08-31 
2019,'부산광역시','서구','송도', 2019-06-01 , 2019-08-31 
2019,'부산광역시','수영구','광안리', 2019-07-01 , 2019-08-31 
2019,'부산광역시','해운대구','송정', 2019-06-01 , 2019-08-31 
2019,'부산광역시','해운대구','해운대', 2019-06-01 , 2019-08-31 
2019,'부산광역시','기장군','일광', 2019-07-01 , 2019-08-31 
2019,'울산광역시','동구','일산', 2019-07-01 , 2019-08-26 
2019,'울산광역시','울주군','진하', 2019-07-01 , 2019-08-31 
2019,'인천광역시','옹진군','이일레', 2019-07-15 , 2019-08-26 
2019,'인천광역시','옹진군','장 골', 2019-07-15 , 2019-08-26 
2019,'인천광역시','옹진군','수기', 2019-07-15 , 2019-08-26 
2019,'인천광역시','옹진군','서포리', 2019-07-15 , 2019-08-26 
2019,'인천광역시','옹진군','때뿌루', 2019-07-15 , 2019-08-26 
2019,'인천광역시','옹진군','십포리', 2019-06-23 , 2019-08-26 
2019,'인천광역시','옹진군','장경리', 2019-06-23 , 2019-08-26 
2019,'인천광역시','중구','왕산', 2019-07-01 , 2019-08-31 
2019,'인천광역시','중구','을왕리', 2019-07-01 , 2019-08-31 
2019,'인천광역시','중구','하나개', 2019-07-01 , 2019-08-31 
2019,'인천광역시','옹진군','옹암', 2019-07-15 , 2019-08-26 
2019,'전라남도','고흥군','금장', 2019-07-12 , 2019-08-19 
2019,'전라남도','여수시','무술목', 2019-07-06 , 2019-08-18 
2019,'전라남도','여수시','방죽포', 2019-07-06 , 2019-08-18 
2019,'전라남도','목포시','외달도', 2019-07-06 , 2019-08-18 
2019,'전라남도','완도군','금일명사십리', 2019-07-19 , 2019-08-18 
2019,'전라남도','완도군','가사', 2019-07-19 , 2019-08-18 
2019,'전라남도','완도군','지리', 2019-07-19 , 2019-08-18 
2019,'전라남도','완도군','신흥', 2019-07-19 , 2019-08-18 
2019,'전라남도','완도군','예송', 2019-07-19 , 2019-08-18 
2019,'전라남도','완도군','중리', 2019-07-19 , 2019-08-18 
2019,'전라남도','완도군','통리', 2019-07-19 , 2019-08-18 
2019,'전라남도','완도군','금곡', 2019-07-19 , 2019-08-18 
2019,'전라남도','진도군','가계', 2019-07-13 , 2019-08-19 
2019,'전라남도','진도군','금갑', 2019-07-13 , 2019-08-19 
2019,'전라남도','진도군','신전', 2019-07-13 , 2019-08-19 
2019,'전라남도','진도군','관매도', 2019-07-13 , 2019-08-19 
2019,'전라남도','신안군','우전', 2019-07-13 , 2019-08-15 
2019,'전라남도','신안군','대광', 2019-07-13 , 2019-08-15 
2019,'전라남도','신안군','백길', 2019-07-13 , 2019-08-15 
2019,'전라남도','신안군','분계', 2019-07-13 , 2019-08-15 
2019,'전라남도','신안군','원평', 2019-07-13 , 2019-08-15 
2019,'전라남도','신안군','하트', 2019-07-13 , 2019-08-15 
2019,'전라남도','신안군','추포', 2019-07-13 , 2019-08-15 
2019,'전라남도','신안군','시목', 2019-07-13 , 2019-08-15 
2019,'전라남도','신안군','돈목', 2019-07-13 , 2019-08-15 
2019,'전라남도','신안군','짱뚱어', 2019-07-13 , 2019-08-15 
2019,'전라남도','여수시','장등', 2019-07-06 , 2019-08-18 
2019,'전라남도','여수시','안도', 2019-07-06 , 2019-08-18 
2019,'전라남도','완도군','신지명사십리', 2019-07-08 , 2019-08-25 
2019,'전라남도','영광군','송이도', 2019-07-20 , 2019-08-11 
2019,'전라남도','영광군','가마미', 2019-07-12 , 2019-08-18 
2019,'전라남도','함평군','돌머리', 2019-07-19 , 2019-08-18 
2019,'전라남도','무안군','톱머리', 2019-07-13 , 2019-08-18 
2019,'전라남도','무안군','홀통', 2019-07-13 , 2019-08-18 
2019,'전라남도','해남군','사구미', 2019-07-12 , 2019-08-15 
2019,'전라남도','해남군','송호', 2019-07-12 , 2019-08-15 
2019,'전라남도','장흥군','수문', 2019-07-12 , 2019-08-11 
2019,'전라남도','보성군','율포솔밭', 2019-07-05 , 2019-08-18 
2019,'전라남도','완도군','동고', 2019-07-19 , 2019-08-18 
2019,'전라남도','고흥군','연소', 2019-07-12 , 2019-08-19 
2019,'전라남도','고흥군','염포', 2019-07-12 , 2019-08-19 
2019,'전라남도','고흥군','풍류', 2019-07-12 , 2019-08-19 
2019,'전라남도','고흥군','용동', 2019-07-12 , 2019-08-19 
2019,'전라남도','고흥군','덕흥', 2019-07-12 , 2019-08-19 
2019,'전라남도','고흥군','발포', 2019-07-12 , 2019-08-19 
2019,'전라남도','고흥군','나로우주', 2019-07-12 , 2019-08-19 
2019,'전라남도','고흥군','익금', 2019-07-12 , 2019-08-19 
2019,'전라남도','고흥군','대전', 2019-07-12 , 2019-08-19 
2019,'전라남도','고흥군','남열해돋이', 2019-07-12 , 2019-08-19 
2019,'전라남도','여수시','웅천', 2019-07-06 , 2019-08-18 
2019,'전라남도','여수시','모사금', 2019-07-06 , 2019-08-18 
2019,'전라남도','여수시','만성리', 2019-07-06 , 2019-08-18 
2019,'전라남도','여수시','거문도', 2019-07-06 , 2019-08-18 
2019,'전라남도','신안군','신도', 2019-07-13 , 2019-08-15 
2019,'전라북도','부안군','위도', 2019-07-13 , 2019-08-19 
2019,'전라북도','부안군','모항', 2019-07-13 , 2019-08-19 
2019,'전라북도','부안군','격포', 2019-07-13 , 2019-08-19 
2019,'전라북도','부안군','고사포', 2019-07-13 , 2019-08-19 
2019,'전라북도','부안군','변산', 2019-07-13 , 2019-08-19 
2019,'전라북도','고창군','동호', 2019-07-12 , 2019-08-18 
2019,'전라북도','고창군','구시포', 2019-07-12 , 2019-08-18 
2019,'전라북도','군산시','선유도', 2019-06-25 , 2019-08-18 
2019,'제주특별자치도','서귀포시','표선', 2019-07-01 , 2019-08-31 
2019,'제주특별자치도','서귀포시','중문색달', 2019-07-01 , 2019-08-31 
2019,'제주특별자치도','서귀포시','화순금모래', 2019-07-01 , 2019-08-31 
2019,'제주특별자치도','서귀포시','신양섭지', 2019-07-01 , 2019-08-31 
2019,'제주특별자치도','제주시','이호테우', 2019-06-21 , 2019-08-31 
2019,'제주특별자치도','제주시','삼양', 2019-07-01 , 2019-08-31 
2019,'제주특별자치도','제주시','함덕', 2019-06-22 , 2019-08-31 
2019,'제주특별자치도','제주시','김녕', 2019-07-01 , 2019-08-31 
2019,'제주특별자치도','제주시','곽지', 2019-06-22 , 2019-08-31 
2019,'제주특별자치도','제주시','금능', 2019-06-24 , 2019-08-31 
2019,'제주특별자치도','제주시','협재', 2019-06-24 , 2019-08-31 
2019,'충청남도','보령시','무창포', 2019-07-13 , 2019-08-18 
2019,'충청남도','태안군','갈음이', 2019-07-06 , 2019-08-18 
2019,'충청남도','태안군','파도리', 2019-07-06 , 2019-08-18 
2019,'충청남도','태안군','어은돌', 2019-07-06 , 2019-08-18 
2019,'충청남도','태안군','천리포', 2019-07-06 , 2019-08-18 
2019,'충청남도','태안군','방주골', 2019-07-06 , 2019-08-18 
2019,'충청남도','태안군','의항', 2019-07-06 , 2019-08-18 
2019,'충청남도','태안군','구름포', 2019-07-06 , 2019-08-18 
2019,'충청남도','태안군','신두리', 2019-07-06 , 2019-08-18 
2019,'충청남도','태안군','구례포', 2019-07-06 , 2019-08-18 
2019,'충청남도','태안군','학암포', 2019-07-06 , 2019-08-18 
2019,'충청남도','태안군','꾸지나무골', 2019-07-06 , 2019-08-18 
2019,'충청남도','태안군','연포', 2019-07-06 , 2019-08-18 
2019,'충청남도','태안군','곰섬', 2019-07-06 , 2019-08-18 
2019,'충청남도','보령시','대천', 2019-06-15 , 2019-08-18 
2019,'충청남도','당진시','왜목', 2019-07-06 , 2019-08-18 
2019,'충청남도','당진시','난지', 2019-07-06 , 2019-08-18 
2019,'충청남도','서천군','춘장대', 2019-07-06 , 2019-08-18 
2019,'충청남도','태안군','만리포', 2019-06-01 , 2019-08-18 
2019,'충청남도','태안군','백사장', 2019-07-06 , 2019-08-18 
2019,'충청남도','태안군','삼봉', 2019-07-06 , 2019-08-18 
2019,'충청남도','태안군','기지포', 2019-07-06 , 2019-08-18 
2019,'충청남도','태안군','안면', 2019-07-06 , 2019-08-18 
2019,'충청남도','태안군','밧개', 2019-07-06 , 2019-08-18 
2019,'충청남도','태안군','방포', 2019-07-06 , 2019-08-18 
2019,'충청남도','태안군','마검포', 2019-07-06 , 2019-08-18 
2019,'충청남도','태안군','청포대', 2019-07-06 , 2019-08-18 
2019,'충청남도','태안군','달산포', 2019-07-06 , 2019-08-18 
2019,'충청남도','태안군','몽산포', 2019-07-06 , 2019-08-18 
2019,'충청남도','태안군','장삼포', 2019-07-06 , 2019-08-18 
2019,'충청남도','태안군','바람아래', 2019-07-06 , 2019-08-18 
2019,'충청남도','태안군','샛별', 2019-07-06 , 2019-08-18 
2019,'충청남도','태안군','꽂지', 2019-07-06 , 2019-08-18 
2020,'강원도','강릉시','주문진해수욕장', 2020-07-17 , 2020-08-22 
2020,'강원도','강릉시','하평해변', 2020-07-17 , 2020-08-22 
2020,'강원도','고성군','가진리해수욕장', 2020-07-10 , 2020-08-16 
2020,'강원도','고성군','거진11리해수욕장', 2020-07-10 , 2020-08-22 
2020,'강원도','고성군','거진1리해수욕장', 2020-07-10 , 2020-08-22 
2020,'강원도','고성군','공현1리해수욕장', 2020-07-10 , 2020-08-22 
2020,'강원도','고성군','삼포2리해수욕장', 2020-07-10 , 2020-08-22 
2020,'강원도','고성군','공현2리해수욕장', 2020-07-10 , 2020-08-22 
2020,'강원도','고성군','교암리해수욕장', 2020-07-10 , 2020-08-22 
2020,'강원도','고성군','대진1리해수욕장', 2020-07-10 , 2020-08-22 
2020,'강원도','고성군','대진5리해수욕장', 2020-07-10 , 2020-08-22 
2020,'강원도','고성군','마차진해수욕장', 2020-07-10 , 2020-08-22 
2020,'강원도','고성군','명파해수욕장', 2020-07-10 , 2020-08-22 
2020,'강원도','고성군','문암2리해변', 2020-07-10 , 2020-08-16 
2020,'강원도','고성군','반암리해수욕장', 2020-07-10 , 2020-08-16 
2020,'강원도','고성군','백도해수욕장', 2020-07-10 , 2020-08-16 
2020,'강원도','고성군','봉수대해수욕장', 2020-07-10 , 2020-08-22 
2020,'강원도','고성군','봉포해수욕장', 2020-07-10 , 2020-08-22 
2020,'강원도','강릉시','정동진해수욕장', 2020-07-17 , 2020-08-22 
2020,'강원도','삼척시','작은후진해수욕장', 2020-07-10 , 2020-08-16 
2020,'강원도','삼척시','오분해변', 2020-07-10 , 2020-08-16 
2020,'강원도','삼척시','용화해수욕장', 2020-07-15 , 2020-08-16 
2020,'강원도','삼척시','원평해수욕장', 2020-07-15 , 2020-08-16 
2020,'강원도','양양군','하조대해수욕장', 2020-07-10 , 2020-08-22 
2020,'강원도','양양군','지경해수욕장', 2020-07-10 , 2020-08-22 
2020,'강원도','양양군','중광정해변', 2020-07-13 , 2020-08-22 
2020,'강원도','양양군','죽도해수욕장', 2020-07-10 , 2020-08-22 
2020,'강원도','양양군','정암해수욕장', 2020-07-17 , 2020-08-22 
2020,'강원도','양양군','잔교리해변', 2020-07-10 , 2020-08-22 
2020,'강원도','양양군','인구해수욕장', 2020-07-10 , 2020-08-22 
2020,'강원도','양양군','원포리해수욕장', 2020-07-16 , 2020-08-22 
2020,'강원도','양양군','오산(송전)해수욕장', 2020-07-10 , 2020-08-22 
2020,'강원도','양양군','설악해수욕장', 2020-07-15 , 2020-08-22 
2020,'강원도','양양군','북분해변', 2020-07-10 , 2020-08-22 
2020,'강원도','양양군','물치해수욕장', 2020-07-10 , 2020-08-22 
2020,'강원도','양양군','동호해수욕장', 2020-07-10 , 2020-08-22 
2020,'강원도','양양군','동산해수욕장', 2020-07-10 , 2020-08-22 
2020,'강원도','양양군','동산포구해수욕장', 2020-07-10 , 2020-08-22 
2020,'강원도','양양군','남애3리해수욕장', 2020-07-10 , 2020-08-22 
2020,'강원도','양양군','남애1리해수욕장', 2020-07-10 , 2020-08-22 
2020,'강원도','양양군','낙산해수욕장', 2020-07-10 , 2020-08-22 
2020,'강원도','양양군','기사문해수욕장', 2020-07-10 , 2020-08-22 
2020,'강원도','양양군','광진리해수욕장', 2020-07-10 , 2020-08-22 
2020,'강원도','양양군','갯마을해수욕장', 2020-07-10 , 2020-08-22 
2020,'강원도','속초시','외옹치해수욕장', 2020-07-10 , 2020-08-22 
2020,'강원도','속초시','속초해수욕장', 2020-07-10 , 2020-08-22 
2020,'강원도','속초시','등대해수욕장', 2020-07-10 , 2020-08-22 
2020,'강원도','삼척시','하맹방해수욕장', 2020-07-15 , 2020-08-16 
2020,'강원도','삼척시','삼척해수욕장', 2020-07-10 , 2020-08-16 
2020,'강원도','삼척시','문암해수욕장', 2020-07-15 , 2020-08-16 
2020,'강원도','강릉시','영진해수욕장', 2020-07-17 , 2020-08-22 
2020,'강원도','강릉시','연곡해수욕장', 2020-07-17 , 2020-08-22 
2020,'강원도','강릉시','안목해수욕장', 2020-07-17 , 2020-08-22 
2020,'강원도','강릉시','순긋해수욕장', 2020-07-17 , 2020-08-22 
2020,'강원도','강릉시','송정해수욕장', 2020-07-17 , 2020-08-22 
2020,'강원도','강릉시','사천해수욕장', 2020-07-17 , 2020-08-22 
2020,'강원도','강릉시','사천진해수욕장', 2020-07-17 , 2020-08-22 
2020,'강원도','강릉시','사근진해수욕장', 2020-07-17 , 2020-08-22 
2020,'강원도','강릉시','금진해수욕장', 2020-07-17 , 2020-08-22 
2020,'강원도','강릉시','경포해수욕장', 2020-07-17 , 2020-08-22 
2020,'강원도','강릉시','강문해수욕장', 2020-07-17 , 2020-08-22 
2020,'강원도','고성군','삼포해수욕장', 2020-07-10 , 2020-08-22 
2020,'강원도','고성군','송지호오토캠핑해수욕장', 2020-07-10 , 2020-08-16 
2020,'강원도','고성군','송지호해수욕장', 2020-07-10 , 2020-08-22 
2020,'강원도','고성군','아야진해수욕장', 2020-07-10 , 2020-08-22 
2020,'강원도','고성군','자작도해수욕장', 2020-07-10 , 2020-08-22 
2020,'강원도','고성군','천진해수욕장', 2020-07-10 , 2020-08-22 
2020,'강원도','고성군','청간해수욕장', 2020-07-10 , 2020-08-22 
2020,'강원도','고성군','초도리해수욕장', 2020-07-10 , 2020-08-16 
2020,'강원도','고성군','캔싱턴리조트해수욕장', 2020-07-10 , 2020-08-16 
2020,'강원도','고성군','화진포콘도해수욕장', 2020-07-10 , 2020-08-16 
2020,'강원도','고성군','화진포해수욕장', 2020-07-10 , 2020-08-22 
2020,'강원도','동해시','노봉해수욕장', 2020-07-15 , 2020-08-22 
2020,'강원도','동해시','망상리조트해수욕장', 2020-07-15 , 2020-08-22 
2020,'강원도','동해시','망상해수욕장', 2020-07-15 , 2020-08-22 
2020,'강원도','동해시','어달해수욕장', 2020-07-15 , 2020-08-22 
2020,'강원도','동해시','추암해수욕장', 2020-07-15 , 2020-08-22 
2020,'강원도','삼척시','맹방해수욕장', 2020-07-10 , 2020-08-16 
2020,'강원도','강릉시','옥계해수욕장', 2020-07-17 , 2020-08-22 
2020,'경남','거제시','구영해수욕장', 2020-07-04 , 2020-08-22 
2020,'경남','통영시','수륙해수욕장', 2020-07-11 , 2020-08-22 
2020,'경남','통영시','사량대항해수욕장', 2020-07-11 , 2020-08-22 
2020,'경남','통영시','비진도해수욕장', 2020-07-11 , 2020-08-22 
2020,'경남','창원','광암해수욕장', 2020-07-01 , 2020-08-20 
2020,'경남','사천시','남일대해수욕장', 2020-07-10 , 2020-08-22 
2020,'경남','남해군','송정솔바람해수욕장', 2020-07-10 , 2020-08-22 
2020,'경남','남해군','설리해수욕장', 2020-07-10 , 2020-08-22 
2020,'경남','남해군','상주은모래비치해수욕장', 2020-07-07 , 2020-08-20 
2020,'경남','남해군','사촌해수욕장', 2020-07-10 , 2020-08-22 
2020,'경남','남해군','두곡월포해수욕장', 2020-07-10 , 2020-08-22 
2020,'경남','거제시','흥남해수욕장', 2020-07-04 , 2020-08-22 
2020,'경남','거제시','황포해수욕장', 2020-07-04 , 2020-08-22 
2020,'경남','거제시','함목해변', 2020-07-04 , 2020-08-22 
2020,'경남','거제시','학동흑진주몽돌해변', 2020-07-11 , 2020-08-22 
2020,'경남','거제시','구조라해수욕장', 2020-07-04 , 2020-08-22 
2020,'경남','거제시','농소해수욕장', 2020-07-04 , 2020-08-22 
2020,'경남','거제시','덕원해수욕장', 2020-07-11 , 2020-08-22 
2020,'경남','거제시','덕포해수욕장', 2020-07-04 , 2020-08-22 
2020,'경남','거제시','망치해변', 2020-07-04 , 2020-08-22 
2020,'경남','거제시','명사해수욕장', 2020-07-04 , 2020-08-22 
2020,'경남','거제시','물안해수욕장', 2020-07-04 , 2020-08-22 
2020,'경남','거제시','사곡해수욕장', 2020-07-04 , 2020-08-22 
2020,'경남','거제시','여차해변', 2020-07-04 , 2020-08-22 
2020,'경남','거제시','옥계해수욕장', 2020-07-04 , 2020-08-22 
2020,'경남','거제시','와현모래숲해변', 2020-07-04 , 2020-08-22 
2020,'경북','울진군','나곡해수욕장', 2020-07-10 , 2020-08-16 
2020,'경북','울진군','망양정해수욕장', 2020-07-10 , 2020-08-16 
2020,'경북','울진군','봉평해수욕장', 2020-07-10 , 2020-08-16 
2020,'경북','울진군','후정해수욕장', 2020-07-10 , 2020-08-16 
2020,'경북','울진군','후포해수욕장', 2020-07-10 , 2020-08-16 
2020,'경북','포항시','구룡포해수욕장', 2020-07-01 , 2020-08-16 
2020,'경북','포항시','도구포해수욕장', 2020-07-01 , 2020-08-16 
2020,'경북','포항시','영일대해수욕장', 2020-07-01 , 2020-08-16 
2020,'경북','포항시','월포해수욕장', 2020-07-01 , 2020-08-16 
2020,'경북','포항시','칠포해수욕장', 2020-07-01 , 2020-08-16 
2020,'경북','포항시','화진해수욕장', 2020-07-01 , 2020-08-16 
2020,'경북','울진군','기성망양해수욕장', 2020-07-10 , 2020-08-16 
2020,'경북','울진군','구산해수욕장', 2020-07-10 , 2020-08-16 
2020,'경북','영덕군','하저해수욕장', 2020-07-17 , 2020-08-22 
2020,'경북','영덕군','장사해수욕장', 2020-07-17 , 2020-08-22 
2020,'경북','영덕군','오보해수욕장', 2020-07-17 , 2020-08-22 
2020,'경북','영덕군','대진해수욕장', 2020-07-17 , 2020-08-22 
2020,'경북','영덕군','남호해수욕장', 2020-07-17 , 2020-08-22 
2020,'경북','영덕군','고래불해수욕장', 2020-07-17 , 2020-08-22 
2020,'경북','영덕군','경정해수욕장', 2020-07-17 , 2020-08-22 
2020,'경북','경주시','오류해수욕장', 2020-07-10 , 2020-08-16 
2020,'경북','경주시','봉길해수욕장', 2020-07-10 , 2020-08-16 
2020,'경북','경주시','나정해수욕장', 2020-07-10 , 2020-08-16 
2020,'경북','경주시','관성해수욕장', 2020-07-10 , 2020-08-16 
2020,'부산','해운대구','해운대해수욕장', 2020-06-01 , 2020-08-20 
2020,'부산','해운대구','송정해수욕장', 2020-06-01 , 2020-08-20 
2020,'부산','수영구','광안리해수욕장', 2020-07-01 , 2020-08-20 
2020,'부산','서구','송도해수욕장', 2020-07-01 , 2020-08-20 
2020,'부산','기장군','일광해수욕장', 2020-07-01 , 2020-08-20 
2020,'부산','기장군','임랑해수욕장', 2020-07-01 , 2020-08-20 
2020,'부산','사하구','다대포해수욕장', 2020-07-01 , 2020-08-20 
2020,'울산','동구','일산해수욕장', 2020-07-01 , 2020-08-22 
2020,'울산','울주군','진하해수욕장', 2020-07-01 , 2020-08-22 
2020,'인천','옹진','떼뿌루해수욕장', 2020-07-20 , 2020-08-18 
2020,'인천','옹진','서포리해수욕장', 2020-07-20 , 2020-08-18 
2020,'인천','옹진','수기해수욕장', 2020-07-17 , 2020-08-18 
2020,'인천','옹진','옹암해수욕장', 2020-07-17 , 2020-08-18 
2020,'인천','옹진','이일레해수욕장', 2020-07-20 , 2020-08-18 
2020,'인천','옹진','장경리해수욕장', 2020-07-10 , 2020-08-18 
2020,'인천','옹진','장골해수욕장', 2020-07-25 , 2020-08-18 
2020,'인천','중구','왕산해수욕장', 2020-07-01 , 2020-08-18 
2020,'인천','중구','을왕리해수욕장', 2020-07-01 , 2020-08-18 
2020,'인천','중구','하나개해수욕장', 2020-07-01 , 2020-08-18 
2020,'인천','옹진','십리포해수욕장', 2020-07-10 , 2020-08-18 
2020,'전남','완도군','청산 신흥해수욕장', 2020-07-17 , 2020-08-20 
2020,'전남','여수시','만성리검은모래해수욕장', 2020-07-11 , 2020-08-21 
2020,'전남','여수시','모사금해수욕장', 2020-07-11 , 2020-08-21 
2020,'전남','여수시','무술목해수욕장', 2020-07-11 , 2020-08-21 
2020,'전남','여수시','방죽포해수욕장', 2020-07-11 , 2020-08-21 
2020,'전남','여수시','안도해수욕장', 2020-07-11 , 2020-08-21 
2020,'전남','여수시','웅천친수해수욕장', 2020-07-11 , 2020-08-21 
2020,'전남','여수시','장등해수욕장', 2020-07-11 , 2020-08-21 
2020,'전남','영광군','가마미해수욕장', 2020-07-10 , 2020-08-17 
2020,'전남','영광군','송이도해수욕장', 2020-07-18 , 2020-08-09 
2020,'전남','완도군','금일 명사십리해수욕장', 2020-07-17 , 2020-08-20 
2020,'전남','완도군','보길 예송해수욕장', 2020-07-17 , 2020-08-20 
2020,'전남','완도군','보길 중리해수욕장', 2020-07-17 , 2020-08-20 
2020,'전남','완도군','보길 통리해수욕장', 2020-07-17 , 2020-08-20 
2020,'전남','완도군','생일 금곡해수욕장', 2020-07-17 , 2020-08-20 
2020,'전남','완도군','신지 동고해수욕장', 2020-07-17 , 2020-08-18 
2020,'전남','완도군','신지 명사십리해수욕장', 2020-07-17 , 2020-08-20 
2020,'전남','완도군','약산 가사해수욕장', 2020-07-17 , 2020-08-20 
2020,'전남','완도군','청산 지리해수욕장', 2020-07-17 , 2020-08-20 
2020,'전남','진도군','가계해수욕장', 2020-07-11 , 2020-08-16 
2020,'전남','진도군','관매도해수욕장', 2020-07-11 , 2020-08-16 
2020,'전남','진도군','금갑해수욕장', 2020-07-11 , 2020-08-16 
2020,'전남','진도군','신전해수욕장', 2020-07-11 , 2020-08-16 
2020,'전남','해남군','송호해수욕장', 2020-07-18 , 2020-08-17 
2020,'전남','여수시','거문도해수욕장', 2020-07-11 , 2020-08-21 
2020,'전남','신안군','짱뚱어 해수욕장', 2020-07-13 , 2020-08-16 
2020,'전남','신안군','우전해수욕장', 2020-07-13 , 2020-08-16 
2020,'전남','고흥군','금장해수욕장', 2020-07-10 , 2020-08-17 
2020,'전남','고흥군','나로우주해수욕장', 2020-07-10 , 2020-08-17 
2020,'전남','고흥군','남열해돋이해수욕장', 2020-07-10 , 2020-08-20 
2020,'전남','고흥군','대전해수욕장', 2020-07-10 , 2020-08-17 
2020,'전남','고흥군','덕흥해수욕장', 2020-07-10 , 2020-08-17 
2020,'전남','고흥군','발포해수욕장', 2020-07-10 , 2020-08-20 
2020,'전남','고흥군','연소해수욕장', 2020-07-10 , 2020-08-17 
2020,'전남','고흥군','염포해수욕장', 2020-07-10 , 2020-08-17 
2020,'전남','고흥군','용동해수욕장', 2020-07-20 , 2020-08-20 
2020,'전남','고흥군','익금해수욕장', 2020-07-10 , 2020-08-17 
2020,'전남','고흥군','풍류해수욕장', 2020-07-10 , 2020-08-17 
2020,'전남','목포시','외달도해수욕장', 2020-07-11 , 2020-08-21 
2020,'전남','보성군','율포솥밭해수욕장', 2020-08-03 , 2020-08-21 
2020,'전남','신안군','대광해변', 2020-07-13 , 2020-08-16 
2020,'전남','신안군','돈목해수욕장', 2020-07-13 , 2020-08-16 
2020,'전남','신안군','배낭기미해수욕장', 2020-07-13 , 2020-08-16 
2020,'전남','신안군','백길해수욕장', 2020-07-13 , 2020-08-16 
2020,'전남','신안군','분계해수욕장', 2020-07-13 , 2020-08-16 
2020,'전남','신안군','비금 하누넘 해수욕장(하트해수욕장)', 2020-07-13 , 2020-08-16 
2020,'전남','신안군','비금원평해수욕장', 2020-07-13 , 2020-08-16 
2020,'전남','신안군','시목해수욕장', 2020-07-13 , 2020-08-16 
2020,'전남','신안군','신도해수욕장', 2020-07-13 , 2020-08-16 
2020,'전남','신안군','암태추포해수욕장', 2020-07-13 , 2020-08-16 
2020,'전북','부안군','위도해수욕장', 2020-07-11 , 2020-08-14 
2020,'전북','부안군','변산해수욕장', 2020-07-11 , 2020-08-16 
2020,'전북','부안군','모항해수욕장', 2020-07-11 , 2020-08-14 
2020,'전북','부안군','고사포해수욕장', 2020-07-11 , 2020-08-14 
2020,'전북','부안군','격포해수욕장', 2020-07-11 , 2020-08-14 
2020,'전북','군산시','선유도해수욕장', 2020-07-04 , 2020-08-16 
2020,'전북','고창군','동호해수욕장', 2020-07-09 , 2020-08-16 
2020,'전북','고창군','구시포해수욕장', 2020-07-09 , 2020-08-16 
2020,'제주도','제주시','협재해수욕장', 2020-07-01 , 2020-08-22 
2020,'제주도','제주시','함덕서우봉해수욕장', 2020-07-01 , 2020-08-22 
2020,'제주도','제주시','이호테우해수욕장', 2020-07-01 , 2020-08-22 
2020,'제주도','제주시','삼양검은모래해수욕장', 2020-07-01 , 2020-08-22 
2020,'제주도','제주시','김녕성세기해수욕장', 2020-07-01 , 2020-08-22 
2020,'제주도','제주시','금능으뜸원해수욕장', 2020-07-01 , 2020-08-22 
2020,'제주도','제주시','곽지과물해수욕장', 2020-07-01 , 2020-08-22 
2020,'제주도','서귀포시','화순금모래해변', 2020-07-01 , 2020-08-22 
2020,'제주도','서귀포시','표선해수욕장', 2020-07-01 , 2020-08-22 
2020,'제주도','서귀포시','중문색달해변', 2020-07-01 , 2020-08-22 
2020,'제주도','서귀포시','신양섭지코지해변', 2020-07-01 , 2020-08-22 
2020,'충남','당진시','난지섬해수욕장', 2020-07-06 , 2020-08-17 
2020,'충남','당진시','왜목마을 해수욕장', 2020-07-06 , 2020-08-17 
2020,'충남','보령시','대천해수욕장', 2020-07-04 , 2020-08-22 
2020,'충남','보령시','무창포해수욕장', 2020-07-11 , 2020-08-16 
2020,'충남','서천군','춘장대해수욕장', 2020-07-11 , 2020-08-16 
2020,'충남','태안군','학암포해수욕장', 2020-07-04 , 2020-08-16 
2020,'충남','태안군','파도리해수욕장', 2020-07-04 , 2020-08-16 
2020,'충남','태안군','청포대해수욕장', 2020-07-04 , 2020-08-16 
2020,'충남','태안군','천리포해수욕장', 2020-07-04 , 2020-08-16 
2020,'충남','태안군','장삼해수욕장', 2020-07-04 , 2020-08-16 
2020,'충남','태안군','의항해수욕장', 2020-07-04 , 2020-08-16 
2020,'충남','태안군','연포해수욕장', 2020-07-04 , 2020-08-16 
2020,'충남','태안군','어은돌해수욕장', 2020-07-04 , 2020-08-16 
2020,'충남','태안군','안면해수욕장', 2020-07-04 , 2020-08-16 
2020,'충남','태안군','신두리해수욕장', 2020-07-04 , 2020-08-16 
2020,'충남','태안군','샛별해수욕장', 2020-07-04 , 2020-08-16 
2020,'충남','태안군','삼봉해수욕장', 2020-07-04 , 2020-08-16 
2020,'충남','태안군','백사장해수욕장', 2020-07-04 , 2020-08-16 
2020,'충남','태안군','방포해수욕장', 2020-07-04 , 2020-08-16 
2020,'충남','태안군','방주골해수욕장', 2020-07-04 , 2020-08-16 
2020,'충남','태안군','갈음이해수욕장', 2020-07-04 , 2020-08-16 
2020,'충남','태안군','곰섬해수욕장', 2020-07-04 , 2020-08-16 
2020,'충남','태안군','구례포해수욕장', 2020-07-04 , 2020-08-16 
2020,'충남','태안군','구름포해수욕장', 2020-07-04 , 2020-08-16 
2020,'충남','태안군','기지포해수욕장', 2020-07-04 , 2020-08-16 
2020,'충남','태안군','꽃지해수욕장', 2020-07-04 , 2020-08-16 
2020,'충남','태안군','꾸지나무골해수욕장', 2020-07-04 , 2020-08-16 
2020,'충남','태안군','달산포해수욕장', 2020-07-04 , 2020-08-16 
2020,'충남','태안군','마검포해수욕장', 2020-07-04 , 2020-08-16 
2020,'충남','태안군','만리포해수욕장', 2020-06-06 , 2020-08-16 
2020,'충남','태안군','몽산포해수욕장', 2020-07-04 , 2020-08-16 
2020,'충남','태안군','바람아래해수욕장', 2020-07-04 , 2020-08-16 
2020,'충남','태안군','밧개해수욕장', 2020-07-04 , 2020-08-16 
2021,'강원도','속초시','외옹치', 2021-07-10 , 2021-08-29 
2021,'강원도','속초시','속초', 2021-07-10 , 2021-08-29 
2021,'강원도','속초시','등대', 2021-07-10 , 2021-08-29 
2021,'강원도','삼척시','하맹방', 2021-07-15 , 2021-08-23 
2021,'강원도','삼척시','증산', 2021-07-15 , 2021-08-23 
2021,'강원도','삼척시','장호', 2021-07-15 , 2021-08-23 
2021,'강원도','삼척시','작은후진', 2021-07-15 , 2021-08-23 
2021,'강원도','삼척시','원평', 2021-07-15 , 2021-08-23 
2021,'강원도','삼척시','용화', 2021-07-15 , 2021-08-23 
2021,'강원도','삼척시','오분(간이)', 2021-07-15 , 2021-08-23 
2021,'강원도','삼척시','삼척', 2021-07-15 , 2021-08-23 
2021,'강원도','삼척시','부남', 2021-07-15 , 2021-08-23 
2021,'강원도','삼척시','맹방', 2021-07-15 , 2021-08-23 
2021,'강원도','동해시','추암', 2021-07-14 , 2021-08-22 
2021,'강원도','동해시','어달', 2021-07-14 , 2021-08-22 
2021,'강원도','동해시','망상', 2021-07-14 , 2021-08-22 
2021,'강원도','동해시','노봉', 2021-07-14 , 2021-08-22 
2021,'강원도','고성군','화진포 콘도', 2021-07-16 , 2021-08-22 
2021,'강원도','고성군','화진포', 2021-07-16 , 2021-08-22 
2021,'강원도','양양군','갯마을', 2021-07-09 , 2021-08-22 
2021,'강원도','양양군','광진', 2021-07-09 , 2021-08-22 
2021,'강원도','양양군','하조대', 2021-07-09 , 2021-08-22 
2021,'강원도','양양군','지 경', 2021-07-09 , 2021-08-22 
2021,'강원도','양양군','중광정', 2021-07-09 , 2021-08-22 
2021,'강원도','양양군','죽도', 2021-07-09 , 2021-08-22 
2021,'강원도','양양군','정암', 2021-07-09 , 2021-08-22 
2021,'강원도','양양군','잔교', 2021-07-09 , 2021-08-22 
2021,'강원도','양양군','인구', 2021-07-09 , 2021-08-22 
2021,'강원도','양양군','원포', 2021-07-09 , 2021-08-22 
2021,'강원도','양양군','송전', 2021-07-09 , 2021-08-22 
2021,'강원도','양양군','설악', 2021-07-09 , 2021-08-22 
2021,'강원도','양양군','북분', 2021-07-09 , 2021-08-22 
2021,'강원도','양양군','물치', 2021-07-09 , 2021-08-29 
2021,'강원도','양양군','동호', 2021-07-09 , 2021-08-22 
2021,'강원도','양양군','동산포', 2021-07-09 , 2021-08-22 
2021,'강원도','양양군','동산', 2021-07-09 , 2021-08-22 
2021,'강원도','양양군','남애3', 2021-07-09 , 2021-08-22 
2021,'강원도','양양군','남애1', 2021-07-09 , 2021-08-22 
2021,'강원도','양양군','낙산', 2021-07-09 , 2021-08-22 
2021,'강원도','양양군','기사문', 2021-07-09 , 2021-08-22 
2021,'강원도','고성군','켄싱턴리조트', 2021-07-16 , 2021-08-22 
2021,'강원도','고성군','초도리', 2021-07-16 , 2021-08-22 
2021,'강원도','고성군','거진1리', 2021-07-16 , 2021-08-22 
2021,'강원도','고성군','거진11리', 2021-07-16 , 2021-08-22 
2021,'강원도','고성군','가진', 2021-07-16 , 2021-08-22 
2021,'강원도','강릉시','하평', 2021-07-16 , 2021-08-29 
2021,'강원도','강릉시','주문진해변', 2021-07-16 , 2021-08-29 
2021,'강원도','강릉시','정동진', 2021-07-16 , 2021-08-29 
2021,'강원도','강릉시','옥계', 2021-07-16 , 2021-08-29 
2021,'강원도','강릉시','영진', 2021-07-16 , 2021-08-29 
2021,'강원도','강릉시','연곡', 2021-07-16 , 2021-08-29 
2021,'강원도','강릉시','안목', 2021-07-16 , 2021-08-29 
2021,'강원도','강릉시','순긋', 2021-07-16 , 2021-08-29 
2021,'강원도','강릉시','송정', 2021-07-16 , 2021-08-29 
2021,'강원도','강릉시','사천진', 2021-07-16 , 2021-08-29 
2021,'강원도','강릉시','사천', 2021-07-16 , 2021-08-29 
2021,'강원도','강릉시','사근진', 2021-07-16 , 2021-08-29 
2021,'강원도','강릉시','등명', 2021-07-16 , 2021-08-29 
2021,'강원도','강릉시','금진', 2021-07-16 , 2021-08-29 
2021,'강원도','강릉시','경포대', 2021-07-16 , 2021-08-29 
2021,'강원도','강릉시','강문', 2021-07-16 , 2021-08-29 
2021,'강원도','고성군','공현진1리', 2021-07-16 , 2021-08-22 
2021,'강원도','고성군','공현진2리', 2021-07-16 , 2021-08-22 
2021,'강원도','고성군','청간리', 2021-07-16 , 2021-08-22 
2021,'강원도','고성군','천진리', 2021-07-16 , 2021-08-22 
2021,'강원도','고성군','자작도', 2021-07-16 , 2021-08-22 
2021,'강원도','고성군','아야진리', 2021-07-16 , 2021-08-22 
2021,'강원도','고성군','송지호오토캠핑장', 2021-07-16 , 2021-08-22 
2021,'강원도','고성군','송지호', 2021-07-16 , 2021-08-22 
2021,'강원도','고성군','삼포2리', 2021-07-16 , 2021-08-22 
2021,'강원도','고성군','삼포', 2021-07-16 , 2021-08-22 
2021,'강원도','고성군','봉포리', 2021-07-16 , 2021-08-22 
2021,'강원도','고성군','봉수대', 2021-07-16 , 2021-08-22 
2021,'강원도','고성군','백도', 2021-07-16 , 2021-08-22 
2021,'강원도','고성군','반암리', 2021-07-16 , 2021-08-22 
2021,'강원도','고성군','자작도캠핑장', 2021-07-16 , 2021-08-22 
2021,'강원도','고성군','문암2리', 2021-07-16 , 2021-08-22 
2021,'강원도','고성군','명파리', 2021-07-16 , 2021-08-22 
2021,'강원도','고성군','마차진', 2021-07-16 , 2021-08-22 
2021,'강원도','고성군','대진5리', 2021-07-16 , 2021-08-22 
2021,'강원도','고성군','대진1리', 2021-07-16 , 2021-08-22 
2021,'강원도','고성군','교암리', 2021-07-16 , 2021-08-22 
2021,'경상남도','거제시','황포', 2021-07-03 , 2021-08-22 
2021,'경상남도','거제시','흥남', 2021-07-03 , 2021-08-22 
2021,'경상남도','남해군','두곡월포', 2021-07-09 , 2021-08-22 
2021,'경상남도','남해군','사촌', 2021-07-09 , 2021-08-22 
2021,'경상남도','남해군','상주은모래비치', 2021-07-09 , 2021-08-22 
2021,'경상남도','남해군','설리', 2021-07-09 , 2021-08-22 
2021,'경상남도','남해군','송정솔바람해변', 2021-07-09 , 2021-08-22 
2021,'경상남도','사천시','남일대', 2021-07-09 , 2021-08-22 
2021,'경상남도','창원시','광암', 2021-07-03 , 2021-08-22 
2021,'경상남도','통영시','비진도', 2021-07-10 , 2021-08-22 
2021,'경상남도','통영시','사량도 대항', 2021-07-10 , 2021-08-22 
2021,'경상남도','통영시','수륙', 2021-07-10 , 2021-08-22 
2021,'경상남도','거제시','함목', 2021-07-03 , 2021-08-22 
2021,'경상남도','거제시','학동흑진주몽돌', 2021-07-03 , 2021-08-22 
2021,'경상남도','거제시','구영', 2021-07-03 , 2021-08-22 
2021,'경상남도','거제시','구조라', 2021-07-03 , 2021-08-22 
2021,'경상남도','거제시','농소', 2021-07-03 , 2021-08-22 
2021,'경상남도','거제시','덕원', 2021-07-03 , 2021-08-22 
2021,'경상남도','거제시','덕포', 2021-07-03 , 2021-08-22 
2021,'경상남도','거제시','망치', 2021-07-03 , 2021-08-22 
2021,'경상남도','거제시','명사', 2021-07-03 , 2021-08-22 
2021,'경상남도','거제시','물안', 2021-07-03 , 2021-08-22 
2021,'경상남도','거제시','사곡', 2021-07-03 , 2021-08-22 
2021,'경상남도','거제시','여차', 2021-07-03 , 2021-08-22 
2021,'경상남도','거제시','옥계', 2021-07-03 , 2021-08-22 
2021,'경상남도','거제시','와현모래숲', 2021-07-03 , 2021-08-22 
2021,'경상북도','울진군','봉평', 2021-07-16 , 2021-08-22 
2021,'경상북도','울진군','망양정', 2021-07-16 , 2021-08-22 
2021,'경상북도','울진군','나곡', 2021-07-16 , 2021-08-22 
2021,'경상북도','울진군','기성망양', 2021-07-16 , 2021-08-22 
2021,'경상북도','울진군','구산', 2021-07-16 , 2021-08-22 
2021,'경상북도','영덕군','하저', 2021-07-16 , 2021-08-22 
2021,'경상북도','영덕군','장사', 2021-07-16 , 2021-08-22 
2021,'경상북도','영덕군','오보', 2021-07-16 , 2021-08-22 
2021,'경상북도','영덕군','대진', 2021-07-16 , 2021-08-22 
2021,'경상북도','영덕군','남호', 2021-07-16 , 2021-08-22 
2021,'경상북도','영덕군','고래불', 2021-07-16 , 2021-08-22 
2021,'경상북도','영덕군','경정', 2021-07-16 , 2021-08-22 
2021,'경상북도','경주시','오류', 2021-07-16 , 2021-08-22 
2021,'경상북도','경주시','봉길대왕암', 2021-07-16 , 2021-08-22 
2021,'경상북도','경주시','나정', 2021-07-16 , 2021-08-22 
2021,'경상북도','경주시','관성', 2021-07-16 , 2021-08-22 
2021,'경상북도','울진군','후정', 2021-07-16 , 2021-08-22 
2021,'경상북도','포항시','구룡포', 2021-07-09 , 2021-08-22 
2021,'경상북도','포항시','도구', 2021-07-09 , 2021-08-22 
2021,'경상북도','포항시','영일대', 2021-07-09 , 2021-08-22 
2021,'경상북도','포항시','월포', 2021-07-09 , 2021-08-22 
2021,'경상북도','포항시','칠포', 2021-07-09 , 2021-08-22 
2021,'경상북도','포항시','화진', 2021-07-09 , 2021-08-22 
2021,'경상북도','울진군','후포', 2021-07-16 , 2021-08-22 
2021,'부산시','사하구','다대포', 2021-07-01 , 2021-08-31 
2021,'부산시','해운대구','해운대', 2021-06-01 , 2021-08-31 
2021,'부산시','해운대구','송정', 2021-06-01 , 2021-08-31 
2021,'부산시','수영구','광안리', 2021-07-01 , 2021-08-31 
2021,'부산시','서구','송도', 2021-07-01 , 2021-08-31 
2021,'부산시','기장군','일광', 2021-07-01 , 2021-08-31 
2021,'부산시','기장군','임랑', 2021-07-01 , 2021-08-31 
2021,'울산시','울주군','진하', 2021-07-01 , 2021-08-31 
2021,'울산시','동구','일산', 2021-07-01 , 2021-08-31 
2021,'인천시','중구','왕산', 2021-07-01 , 2021-08-31 
2021,'인천시','중구','을왕리', 2021-07-01 , 2021-08-31 
2021,'인천시','중구','하나개', 2021-07-01 , 2021-08-31 
2021,'전라남도','완도군','보길 예송', 2021-07-23 , 2021-08-22 
2021,'전라남도','영광군','송이도', 2021-07-17 , 2021-08-08 
2021,'전라남도','영광군','가마미', 2021-07-09 , 2021-08-15 
2021,'전라남도','여수시','장등', 2021-07-10 , 2021-08-23 
2021,'전라남도','여수시','유림(거문도)', 2021-07-10 , 2021-08-23 
2021,'전라남도','완도군','보길 중리', 2021-07-23 , 2021-08-22 
2021,'전라남도','여수시','웅천', 2021-07-10 , 2021-08-23 
2021,'전라남도','완도군','보길 통리', 2021-07-23 , 2021-08-22 
2021,'전라남도','완도군','생일 금곡', 2021-07-23 , 2021-08-22 
2021,'전라남도','완도군','신지 동고', 2021-07-23 , 2021-08-22 
2021,'전라남도','완도군','신지명사십리', 2021-07-23 , 2021-08-22 
2021,'전라남도','고흥군','염포', 2021-07-10 , 2021-08-22 
2021,'전라남도','완도군','약산 가사', 2021-07-23 , 2021-08-22 
2021,'전라남도','완도군','청산 신흥', 2021-07-23 , 2021-08-22 
2021,'전라남도','완도군','청산 지리', 2021-07-23 , 2021-08-22 
2021,'전라남도','장흥군','수문', 2021-07-09 , 2021-08-08 
2021,'전라남도','진도군','가계', 2021-07-09 , 2021-08-15 
2021,'전라남도','여수시','안도', 2021-07-10 , 2021-08-23 
2021,'전라남도','여수시','방죽포', 2021-07-10 , 2021-08-23 
2021,'전라남도','고흥군','익금', 2021-07-10 , 2021-08-22 
2021,'전라남도','고흥군','풍류', 2021-07-10 , 2021-08-22 
2021,'전라남도','목포시','외달도', 2021-07-10 , 2021-08-22 
2021,'전라남도','보성군','율포솔밭', 2021-07-10 , 2021-08-29 
2021,'전라남도','신안군','대광', 2021-07-16 , 2021-08-15 
2021,'전라남도','신안군','배낭기미', 2021-07-16 , 2021-08-15 
2021,'전라남도','신안군','백길', 2021-07-16 , 2021-08-15 
2021,'전라남도','신안군','분계', 2021-07-16 , 2021-08-15 
2021,'전라남도','신안군','시목', 2021-07-16 , 2021-08-15 
2021,'전라남도','신안군','우전', 2021-07-16 , 2021-08-15 
2021,'전라남도','신안군','원평', 2021-07-16 , 2021-08-15 
2021,'전라남도','신안군','추포', 2021-07-16 , 2021-08-15 
2021,'전라남도','신안군','황성금리', 2021-07-16 , 2021-08-15 
2021,'전라남도','여수시','만성리', 2021-07-10 , 2021-08-23 
2021,'전라남도','여수시','모사금', 2021-07-10 , 2021-08-23 
2021,'전라남도','여수시','무슬목', 2021-07-10 , 2021-08-23 
2021,'전라남도','진도군','관매도', 2021-07-09 , 2021-08-15 
2021,'전라남도','진도군','금갑', 2021-07-09 , 2021-08-15 
2021,'전라남도','진도군','신전', 2021-07-09 , 2021-08-15 
2021,'전라남도','해남군','송호해수욕장', 2021-07-09 , 2021-08-15 
2021,'전라남도','고흥군','금장', 2021-07-10 , 2021-08-22 
2021,'전라남도','고흥군','나로우주', 2021-07-10 , 2021-08-22 
2021,'전라남도','고흥군','남열해돋이', 2021-07-09 , 2021-08-22 
2021,'전라남도','고흥군','용동', 2021-07-10 , 2021-08-20 
2021,'전라남도','고흥군','대전', 2021-07-10 , 2021-08-22 
2021,'전라남도','고흥군','덕흥', 2021-07-09 , 2021-08-17 
2021,'전라남도','고흥군','발포', 2021-07-10 , 2021-08-22 
2021,'전라남도','고흥군','연소', 2021-07-10 , 2021-08-22 
2021,'전라북도','부안군','격포', 2021-07-10 , 2021-08-16 
2021,'전라북도','부안군','변산', 2021-07-10 , 2021-08-16 
2021,'전라북도','고창군','구시포', 2021-07-09 , 2021-08-15 
2021,'전라북도','고창군','동호', 2021-07-09 , 2021-08-15 
2021,'전라북도','군산시','선유도', 2021-07-09 , 2021-08-16 
2021,'전라북도','부안군','고사포', 2021-07-10 , 2021-08-16 
2021,'전라북도','부안군','모항', 2021-07-10 , 2021-08-16 
2021,'전라북도','부안군','위도', 2021-07-10 , 2021-08-16 
2021,'제주특별자치도','제주시','금능', 2021-07-01 , 2021-08-31 
2021,'제주특별자치도','서귀포시','화순금모래', 2021-07-01 , 2021-08-31 
2021,'제주특별자치도','서귀포시','표선', 2021-07-01 , 2021-08-31 
2021,'제주특별자치도','서귀포시','중문색달', 2021-07-01 , 2021-08-31 
2021,'제주특별자치도','서귀포시','신양섭지', 2021-07-01 , 2021-08-31 
2021,'제주특별자치도','제주시','곽지', 2021-07-01 , 2021-08-31 
2021,'제주특별자치도','제주시','함덕', 2021-07-01 , 2021-08-31 
2021,'제주특별자치도','제주시','이호', 2021-07-01 , 2021-08-31 
2021,'제주특별자치도','제주시','월정', 2021-07-01 , 2021-08-31 
2021,'제주특별자치도','제주시','삼양', 2021-07-01 , 2021-08-31 
2021,'제주특별자치도','제주시','김녕', 2021-07-01 , 2021-08-31 
2021,'제주특별자치도','제주시','협재', 2021-07-01 , 2021-08-31 
2021,'충청남도','태안군','의항', 2021-07-03 , 2021-08-15 
2021,'충청남도','태안군','장삼포', 2021-07-03 , 2021-08-15 
2021,'충청남도','태안군','천리포', 2021-07-03 , 2021-08-15 
2021,'충청남도','태안군','청포대', 2021-07-03 , 2021-08-15 
2021,'충청남도','태안군','파도리', 2021-07-03 , 2021-08-15 
2021,'충청남도','태안군','학암포', 2021-07-03 , 2021-08-15 
2021,'충청남도','태안군','어은돌', 2021-07-03 , 2021-08-15 
2021,'충청남도','태안군','연포', 2021-07-03 , 2021-08-15 
2021,'충청남도','태안군','신두리', 2021-07-03 , 2021-08-15 
2021,'충청남도','태안군','샛별', 2021-07-03 , 2021-08-15 
2021,'충청남도','태안군','삼봉', 2021-07-03 , 2021-08-15 
2021,'충청남도','태안군','백사장', 2021-07-03 , 2021-08-15 
2021,'충청남도','태안군','방포', 2021-07-03 , 2021-08-15 
2021,'충청남도','태안군','방주골(백리포)', 2021-07-03 , 2021-08-15 
2021,'충청남도','태안군','밧개', 2021-07-03 , 2021-08-15 
2021,'충청남도','태안군','바람아래', 2021-07-03 , 2021-08-15 
2021,'충청남도','태안군','몽산포', 2021-07-03 , 2021-08-15 
2021,'충청남도','태안군','만리포', 2021-07-03 , 2021-08-29 
2021,'충청남도','태안군','마검포', 2021-07-03 , 2021-08-15 
2021,'충청남도','태안군','달산포', 2021-07-03 , 2021-08-15 
2021,'충청남도','태안군','꾸지나무골', 2021-07-03 , 2021-08-15 
2021,'충청남도','태안군','꽃지', 2021-07-03 , 2021-08-15 
2021,'충청남도','태안군','기지포', 2021-07-03 , 2021-08-15 
2021,'충청남도','태안군','구름포', 2021-07-03 , 2021-08-15 
2021,'충청남도','태안군','구례포', 2021-07-03 , 2021-08-15 
2021,'충청남도','태안군','곰섬', 2021-07-03 , 2021-08-15 
2021,'충청남도','태안군','갈음이', 2021-07-03 , 2021-08-15 
2021,'충청남도','서천군','춘장대', 2021-07-10 , 2021-08-15 
2021,'충청남도','보령시','무창포', 2021-07-10 , 2021-08-15 
2021,'충청남도','보령시','대천', 2021-07-03 , 2021-08-22 
2021,'충청남도','당진시','난지섬', 2021-07-10 , 2021-08-22 
2021,'충청남도','당진시','왜목마을', 2021-07-10 , 2021-08-22 
2021,'충청남도','태안군','안면', 2021-07-03 , 2021-08-15 
